timestamp_utc,loop,segment,step,drone_1_x,drone_1_y,drone_1_z,drone_2_x,drone_2_y,drone_2_z,drone_3_x,drone_3_y,drone_3_z
2026-07-21T22:23:26.168891+00:00,1,1,0,-25.0,-38.0,0.8,0.0,-38.0,0.8,25.0,-38.0,0.8
2026-07-21T22:23:27.892559+00:00,1,1,1,-25.0,-38.0,1.007,0.0,-38.0,1.007,25.0,-38.0,1.007
2026-07-21T22:23:29.751907+00:00,1,1,2,-25.0,-38.0,1.215,0.0,-38.0,1.215,25.0,-38.0,1.215
2026-07-21T22:23:31.341352+00:00,1,1,3,-25.0,-38.0,1.422,0.0,-38.0,1.422,25.0,-38.0,1.422
2026-07-21T22:23:32.778866+00:00,1,1,4,-25.0,-38.0,1.63,0.0,-38.0,1.63,25.0,-38.0,1.63
2026-07-21T22:23:34.163582+00:00,1,1,5,-25.0,-38.0,1.837,0.0,-38.0,1.837,25.0,-38.0,1.837
2026-07-21T22:23:35.539544+00:00,1,1,6,-25.0,-38.0,2.044,0.0,-38.0,2.044,25.0,-38.0,2.044
2026-07-21T22:23:37.035441+00:00,1,1,7,-25.0,-38.0,2.252,0.0,-38.0,2.252,25.0,-38.0,2.252
2026-07-21T22:23:38.505504+00:00,1,1,8,-25.0,-38.0,2.459,0.0,-38.0,2.459,25.0,-38.0,2.459
2026-07-21T22:23:39.853128+00:00,1,1,9,-25.0,-38.0,2.667,0.0,-38.0,2.667,25.0,-38.0,2.667
2026-07-21T22:23:41.332033+00:00,1,1,10,-25.0,-38.0,2.874,0.0,-38.0,2.874,25.0,-38.0,2.874
2026-07-21T22:23:42.839821+00:00,1,1,11,-25.0,-38.0,3.081,0.0,-38.0,3.081,25.0,-38.0,3.081
2026-07-21T22:23:44.227765+00:00,1,1,12,-25.0,-38.0,3.289,0.0,-38.0,3.289,25.0,-38.0,3.289
2026-07-21T22:23:45.721610+00:00,1,1,13,-25.0,-38.0,3.496,0.0,-38.0,3.496,25.0,-38.0,3.496
2026-07-21T22:23:47.306282+00:00,1,1,14,-25.0,-38.0,3.704,0.0,-38.0,3.704,25.0,-38.0,3.704
2026-07-21T22:23:48.800380+00:00,1,1,15,-25.0,-38.0,3.911,0.0,-38.0,3.911,25.0,-38.0,3.911
2026-07-21T22:23:50.209898+00:00,1,1,16,-25.0,-38.0,4.119,0.0,-38.0,4.119,25.0,-38.0,4.119
2026-07-21T22:23:51.757604+00:00,1,1,17,-25.0,-38.0,4.326,0.0,-38.0,4.326,25.0,-38.0,4.326
2026-07-21T22:23:53.170449+00:00,1,1,18,-25.0,-38.0,4.533,0.0,-38.0,4.533,25.0,-38.0,4.533
2026-07-21T22:23:54.723680+00:00,1,1,19,-25.0,-38.0,4.741,0.0,-38.0,4.741,25.0,-38.0,4.741
2026-07-21T22:23:56.127962+00:00,1,1,20,-25.0,-38.0,4.948,0.0,-38.0,4.948,25.0,-38.0,4.948
2026-07-21T22:23:57.731854+00:00,1,1,21,-25.0,-38.0,5.156,0.0,-38.0,5.156,25.0,-38.0,5.156
2026-07-21T22:23:59.166200+00:00,1,1,22,-25.0,-38.0,5.363,0.0,-38.0,5.363,25.0,-38.0,5.363
2026-07-21T22:24:00.745633+00:00,1,1,23,-25.0,-38.0,5.57,0.0,-38.0,5.57,25.0,-38.0,5.57
2026-07-21T22:24:02.235301+00:00,1,1,24,-25.0,-38.0,5.778,0.0,-38.0,5.778,25.0,-38.0,5.778
2026-07-21T22:24:03.750537+00:00,1,1,25,-25.0,-38.0,5.985,0.0,-38.0,5.985,25.0,-38.0,5.985
2026-07-21T22:24:05.193358+00:00,1,1,26,-25.0,-38.0,6.193,0.0,-38.0,6.193,25.0,-38.0,6.193
2026-07-21T22:24:06.795194+00:00,1,1,27,-25.0,-38.0,6.4,0.0,-38.0,6.4,25.0,-38.0,6.4
2026-07-21T22:24:08.292213+00:00,1,1,28,-25.0,-38.0,6.607,0.0,-38.0,6.607,25.0,-38.0,6.607
2026-07-21T22:24:09.767108+00:00,1,1,29,-25.0,-38.0,6.815,0.0,-38.0,6.815,25.0,-38.0,6.815
2026-07-21T22:24:11.165862+00:00,1,1,30,-25.0,-38.0,7.022,0.0,-38.0,7.022,25.0,-38.0,7.022
2026-07-21T22:24:12.530479+00:00,1,1,31,-25.0,-38.0,7.23,0.0,-38.0,7.23,25.0,-38.0,7.23
2026-07-21T22:24:13.995075+00:00,1,1,32,-25.0,-38.0,7.437,0.0,-38.0,7.437,25.0,-38.0,7.437
2026-07-21T22:24:15.515284+00:00,1,1,33,-25.0,-38.0,7.644,0.0,-38.0,7.644,25.0,-38.0,7.644
2026-07-21T22:24:17.105586+00:00,1,1,34,-25.0,-38.0,7.852,0.0,-38.0,7.852,25.0,-38.0,7.852
2026-07-21T22:24:18.457144+00:00,1,1,35,-25.0,-38.0,8.059,0.0,-38.0,8.059,25.0,-38.0,8.059
2026-07-21T22:24:20.005620+00:00,1,1,36,-25.0,-38.0,8.267,0.0,-38.0,8.267,25.0,-38.0,8.267
2026-07-21T22:24:21.419957+00:00,1,1,37,-25.0,-38.0,8.474,0.0,-38.0,8.474,25.0,-38.0,8.474
2026-07-21T22:24:22.797737+00:00,1,1,38,-25.0,-38.0,8.681,0.0,-38.0,8.681,25.0,-38.0,8.681
2026-07-21T22:24:24.193684+00:00,1,1,39,-25.0,-38.0,8.889,0.0,-38.0,8.889,25.0,-38.0,8.889
2026-07-21T22:24:25.837046+00:00,1,1,40,-25.0,-38.0,9.096,0.0,-38.0,9.096,25.0,-38.0,9.096
2026-07-21T22:24:27.527055+00:00,1,1,41,-25.0,-38.0,9.304,0.0,-38.0,9.304,25.0,-38.0,9.304
2026-07-21T22:24:28.904332+00:00,1,1,42,-25.0,-38.0,9.511,0.0,-38.0,9.511,25.0,-38.0,9.511
2026-07-21T22:24:30.250599+00:00,1,1,43,-25.0,-38.0,9.719,0.0,-38.0,9.719,25.0,-38.0,9.719
2026-07-21T22:24:31.709439+00:00,1,1,44,-25.0,-38.0,9.926,0.0,-38.0,9.926,25.0,-38.0,9.926
2026-07-21T22:24:33.078381+00:00,1,1,45,-25.0,-38.0,10.133,0.0,-38.0,10.133,25.0,-38.0,10.133
2026-07-21T22:24:34.679921+00:00,1,1,46,-25.0,-38.0,10.341,0.0,-38.0,10.341,25.0,-38.0,10.341
2026-07-21T22:24:36.261599+00:00,1,1,47,-25.0,-38.0,10.548,0.0,-38.0,10.548,25.0,-38.0,10.548
2026-07-21T22:24:37.652071+00:00,1,1,48,-25.0,-38.0,10.756,0.0,-38.0,10.756,25.0,-38.0,10.756
2026-07-21T22:24:39.162772+00:00,1,1,49,-25.0,-38.0,10.963,0.0,-38.0,10.963,25.0,-38.0,10.963
2026-07-21T22:24:40.830188+00:00,1,1,50,-25.0,-38.0,11.17,0.0,-38.0,11.17,25.0,-38.0,11.17
2026-07-21T22:24:42.371167+00:00,1,1,51,-25.0,-38.0,11.378,0.0,-38.0,11.378,25.0,-38.0,11.378
2026-07-21T22:24:43.835835+00:00,1,1,52,-25.0,-38.0,11.585,0.0,-38.0,11.585,25.0,-38.0,11.585
2026-07-21T22:24:45.251843+00:00,1,1,53,-25.0,-38.0,11.793,0.0,-38.0,11.793,25.0,-38.0,11.793
2026-07-21T22:24:46.848417+00:00,1,1,54,-25.0,-38.0,12.0,0.0,-38.0,12.0,25.0,-38.0,12.0
2026-07-21T22:24:48.489825+00:00,1,2,0,-25.0,-38.0,12.0,0.0,-38.0,12.0,25.0,-38.0,12.0
2026-07-21T22:24:50.227987+00:00,1,2,1,-25.37,-37.667,12.0,-0.148,-37.574,12.0,25.185,-37.574,12.0
2026-07-21T22:24:51.863111+00:00,1,2,2,-25.741,-37.333,12.0,-0.296,-37.148,12.0,25.37,-37.148,12.0
2026-07-21T22:24:53.377654+00:00,1,2,3,-26.111,-37.0,12.0,-0.444,-36.722,12.0,25.556,-36.722,12.0
2026-07-21T22:24:54.991072+00:00,1,2,4,-26.481,-36.667,12.0,-0.593,-36.296,12.0,25.741,-36.296,12.0
2026-07-21T22:24:56.612065+00:00,1,2,5,-26.852,-36.333,12.0,-0.741,-35.87,12.0,25.926,-35.87,12.0
2026-07-21T22:24:57.998886+00:00,1,2,6,-27.222,-36.0,12.0,-0.889,-35.444,12.0,26.111,-35.444,12.0
2026-07-21T22:24:59.544120+00:00,1,2,7,-27.593,-35.667,12.0,-1.037,-35.019,12.0,26.296,-35.019,12.0
2026-07-21T22:25:01.129598+00:00,1,2,8,-27.963,-35.333,12.0,-1.185,-34.593,12.0,26.481,-34.593,12.0
2026-07-21T22:25:02.660559+00:00,1,2,9,-28.333,-35.0,12.0,-1.333,-34.167,12.0,26.667,-34.167,12.0
2026-07-21T22:25:04.062715+00:00,1,2,10,-28.704,-34.667,12.0,-1.481,-33.741,12.0,26.852,-33.741,12.0
2026-07-21T22:25:05.570035+00:00,1,2,11,-29.074,-34.333,12.0,-1.63,-33.315,12.0,27.037,-33.315,12.0
2026-07-21T22:25:07.018876+00:00,1,2,12,-29.444,-34.0,12.0,-1.778,-32.889,12.0,27.222,-32.889,12.0
2026-07-21T22:25:08.499902+00:00,1,2,13,-29.815,-33.667,12.0,-1.926,-32.463,12.0,27.407,-32.463,12.0
2026-07-21T22:25:10.033993+00:00,1,2,14,-30.185,-33.333,12.0,-2.074,-32.037,12.0,27.593,-32.037,12.0
2026-07-21T22:25:11.601051+00:00,1,2,15,-30.556,-33.0,12.0,-2.222,-31.611,12.0,27.778,-31.611,12.0
2026-07-21T22:25:13.078855+00:00,1,2,16,-30.926,-32.667,12.0,-2.37,-31.185,12.0,27.963,-31.185,12.0
2026-07-21T22:25:14.638711+00:00,1,2,17,-31.296,-32.333,12.0,-2.519,-30.759,12.0,28.148,-30.759,12.0
2026-07-21T22:25:16.144137+00:00,1,2,18,-31.667,-32.0,12.0,-2.667,-30.333,12.0,28.333,-30.333,12.0
2026-07-21T22:25:17.650880+00:00,1,2,19,-32.037,-31.667,12.0,-2.815,-29.907,12.0,28.519,-29.907,12.0
2026-07-21T22:25:19.383420+00:00,1,2,20,-32.407,-31.333,12.0,-2.963,-29.481,12.0,28.704,-29.481,12.0
2026-07-21T22:25:20.974914+00:00,1,2,21,-32.778,-31.0,12.0,-3.111,-29.056,12.0,28.889,-29.056,12.0
2026-07-21T22:25:22.389471+00:00,1,2,22,-33.148,-30.667,12.0,-3.259,-28.63,12.0,29.074,-28.63,12.0
2026-07-21T22:25:23.913618+00:00,1,2,23,-33.519,-30.333,12.0,-3.407,-28.204,12.0,29.259,-28.204,12.0
2026-07-21T22:25:25.299646+00:00,1,2,24,-33.889,-30.0,12.0,-3.556,-27.778,12.0,29.444,-27.778,12.0
2026-07-21T22:25:27.625543+00:00,1,2,25,-34.259,-29.667,12.0,-3.704,-27.352,12.0,29.63,-27.352,12.0
2026-07-21T22:25:29.131555+00:00,1,2,26,-34.63,-29.333,12.0,-3.852,-26.926,12.0,29.815,-26.926,12.0
2026-07-21T22:25:30.756502+00:00,1,2,27,-35.0,-29.0,12.0,-4.0,-26.5,12.0,30.0,-26.5,12.0
2026-07-21T22:25:32.130022+00:00,1,2,28,-35.37,-28.667,12.0,-4.148,-26.074,12.0,30.185,-26.074,12.0
2026-07-21T22:25:33.605347+00:00,1,2,29,-35.741,-28.333,12.0,-4.296,-25.648,12.0,30.37,-25.648,12.0
2026-07-21T22:25:34.929389+00:00,1,2,30,-36.111,-28.0,12.0,-4.444,-25.222,12.0,30.556,-25.222,12.0
2026-07-21T22:25:36.235793+00:00,1,2,31,-36.481,-27.667,12.0,-4.593,-24.796,12.0,30.741,-24.796,12.0
2026-07-21T22:25:37.802927+00:00,1,2,32,-36.852,-27.333,12.0,-4.741,-24.37,12.0,30.926,-24.37,12.0
2026-07-21T22:25:39.932050+00:00,1,2,33,-37.222,-27.0,12.0,-4.889,-23.944,12.0,31.111,-23.944,12.0
2026-07-21T22:25:41.176356+00:00,1,2,34,-37.593,-26.667,12.0,-5.037,-23.519,12.0,31.296,-23.519,12.0
2026-07-21T22:25:42.531767+00:00,1,2,35,-37.963,-26.333,12.0,-5.185,-23.093,12.0,31.481,-23.093,12.0
2026-07-21T22:25:44.748574+00:00,1,2,36,-38.333,-26.0,12.0,-5.333,-22.667,12.0,31.667,-22.667,12.0
2026-07-21T22:25:46.175873+00:00,1,2,37,-38.704,-25.667,12.0,-5.481,-22.241,12.0,31.852,-22.241,12.0
2026-07-21T22:25:47.514361+00:00,1,2,38,-39.074,-25.333,12.0,-5.63,-21.815,12.0,32.037,-21.815,12.0
2026-07-21T22:25:48.949614+00:00,1,2,39,-39.444,-25.0,12.0,-5.778,-21.389,12.0,32.222,-21.389,12.0
2026-07-21T22:25:50.265281+00:00,1,2,40,-39.815,-24.667,12.0,-5.926,-20.963,12.0,32.407,-20.963,12.0
2026-07-21T22:25:51.550532+00:00,1,2,41,-40.185,-24.333,12.0,-6.074,-20.537,12.0,32.593,-20.537,12.0
2026-07-21T22:25:52.826731+00:00,1,2,42,-40.556,-24.0,12.0,-6.222,-20.111,12.0,32.778,-20.111,12.0
2026-07-21T22:25:54.188674+00:00,1,2,43,-40.926,-23.667,12.0,-6.37,-19.685,12.0,32.963,-19.685,12.0
2026-07-21T22:25:55.593349+00:00,1,2,44,-41.296,-23.333,12.0,-6.519,-19.259,12.0,33.148,-19.259,12.0
2026-07-21T22:25:56.955005+00:00,1,2,45,-41.667,-23.0,12.0,-6.667,-18.833,12.0,33.333,-18.833,12.0
2026-07-21T22:25:58.430984+00:00,1,2,46,-42.037,-22.667,12.0,-6.815,-18.407,12.0,33.519,-18.407,12.0
2026-07-21T22:25:59.799910+00:00,1,2,47,-42.407,-22.333,12.0,-6.963,-17.981,12.0,33.704,-17.981,12.0
2026-07-21T22:26:01.090271+00:00,1,2,48,-42.778,-22.0,12.0,-7.111,-17.556,12.0,33.889,-17.556,12.0
2026-07-21T22:26:02.490894+00:00,1,2,49,-43.148,-21.667,12.0,-7.259,-17.13,12.0,34.074,-17.13,12.0
2026-07-21T22:26:04.780809+00:00,1,2,50,-43.519,-21.333,12.0,-7.407,-16.704,12.0,34.259,-16.704,12.0
2026-07-21T22:26:05.999091+00:00,1,2,51,-43.889,-21.0,12.0,-7.556,-16.278,12.0,34.444,-16.278,12.0
2026-07-21T22:26:07.356278+00:00,1,2,52,-44.259,-20.667,12.0,-7.704,-15.852,12.0,34.63,-15.852,12.0
2026-07-21T22:26:08.795203+00:00,1,2,53,-44.63,-20.333,12.0,-7.852,-15.426,12.0,34.815,-15.426,12.0
2026-07-21T22:26:10.138611+00:00,1,2,54,-45.0,-20.0,12.0,-8.0,-15.0,12.0,35.0,-15.0,12.0
2026-07-21T22:26:11.431448+00:00,1,3,0,-45.0,-20.0,12.0,-8.0,-15.0,12.0,35.0,-15.0,12.0
2026-07-21T22:26:12.826967+00:00,1,3,1,-45.0,-19.537,12.0,-8.0,-14.5,12.0,35.0,-14.537,12.0
2026-07-21T22:26:14.216699+00:00,1,3,2,-45.0,-19.074,12.0,-8.0,-14.0,12.0,35.0,-14.074,12.0
2026-07-21T22:26:15.616610+00:00,1,3,3,-45.0,-18.611,12.0,-8.0,-13.5,12.0,35.0,-13.611,12.0
2026-07-21T22:26:16.993404+00:00,1,3,4,-45.0,-18.148,12.0,-8.0,-13.0,12.0,35.0,-13.148,12.0
2026-07-21T22:26:18.358219+00:00,1,3,5,-45.0,-17.685,12.0,-8.0,-12.5,12.0,35.0,-12.685,12.0
2026-07-21T22:26:21.429964+00:00,1,3,6,-45.0,-17.222,12.0,-8.0,-12.0,12.0,35.0,-12.222,12.0
2026-07-21T22:26:22.754391+00:00,1,3,7,-45.0,-16.759,12.0,-8.0,-11.5,12.0,35.0,-11.759,12.0
2026-07-21T22:26:24.129975+00:00,1,3,8,-45.0,-16.296,12.0,-8.0,-11.0,12.0,35.0,-11.296,12.0
2026-07-21T22:26:25.478652+00:00,1,3,9,-45.0,-15.833,12.0,-8.0,-10.5,12.0,35.0,-10.833,12.0
2026-07-21T22:26:26.993462+00:00,1,3,10,-45.0,-15.37,12.0,-8.0,-10.0,12.0,35.0,-10.37,12.0
2026-07-21T22:26:28.435215+00:00,1,3,11,-45.0,-14.907,12.0,-8.0,-9.5,12.0,35.0,-9.907,12.0
2026-07-21T22:26:29.752560+00:00,1,3,12,-45.0,-14.444,12.0,-8.0,-9.0,12.0,35.0,-9.444,12.0
2026-07-21T22:26:31.181993+00:00,1,3,13,-45.0,-13.981,12.0,-8.0,-8.5,12.0,35.0,-8.981,12.0
2026-07-21T22:26:32.487218+00:00,1,3,14,-45.0,-13.519,12.0,-8.0,-8.0,12.0,35.0,-8.519,12.0
2026-07-21T22:26:35.634813+00:00,1,3,15,-45.0,-13.056,12.0,-8.0,-7.5,12.0,35.0,-8.056,12.0
2026-07-21T22:26:37.016447+00:00,1,3,16,-45.0,-12.593,12.0,-8.0,-7.0,12.0,35.0,-7.593,12.0
2026-07-21T22:26:39.238981+00:00,1,3,17,-45.0,-12.13,12.0,-8.0,-6.5,12.0,35.0,-7.13,12.0
2026-07-21T22:26:40.640774+00:00,1,3,18,-45.0,-11.667,12.0,-8.0,-6.0,12.0,35.0,-6.667,12.0
2026-07-21T22:26:42.029625+00:00,1,3,19,-45.0,-11.204,12.0,-8.0,-5.5,12.0,35.0,-6.204,12.0
2026-07-21T22:26:43.422973+00:00,1,3,20,-45.0,-10.741,12.0,-8.0,-5.0,12.0,35.0,-5.741,12.0
2026-07-21T22:26:44.856343+00:00,1,3,21,-45.0,-10.278,12.0,-8.0,-4.5,12.0,35.0,-5.278,12.0
2026-07-21T22:26:46.255643+00:00,1,3,22,-45.0,-9.815,12.0,-8.0,-4.0,12.0,35.0,-4.815,12.0
2026-07-21T22:26:47.590615+00:00,1,3,23,-45.0,-9.352,12.0,-8.0,-3.5,12.0,35.0,-4.352,12.0
2026-07-21T22:26:49.037916+00:00,1,3,24,-45.0,-8.889,12.0,-8.0,-3.0,12.0,35.0,-3.889,12.0
2026-07-21T22:26:50.485843+00:00,1,3,25,-45.0,-8.426,12.0,-8.0,-2.5,12.0,35.0,-3.426,12.0
2026-07-21T22:26:51.864805+00:00,1,3,26,-45.0,-7.963,12.0,-8.0,-2.0,12.0,35.0,-2.963,12.0
2026-07-21T22:26:53.312667+00:00,1,3,27,-45.0,-7.5,12.0,-8.0,-1.5,12.0,35.0,-2.5,12.0
2026-07-21T22:26:54.716907+00:00,1,3,28,-45.0,-7.037,12.0,-8.0,-1.0,12.0,35.0,-2.037,12.0
2026-07-21T22:26:56.047025+00:00,1,3,29,-45.0,-6.574,12.0,-8.0,-0.5,12.0,35.0,-1.574,12.0
2026-07-21T22:26:57.449326+00:00,1,3,30,-45.0,-6.111,12.0,-8.0,0.0,12.0,35.0,-1.111,12.0
2026-07-21T22:26:58.790735+00:00,1,3,31,-45.0,-5.648,12.0,-8.0,0.5,12.0,35.0,-0.648,12.0
2026-07-21T22:27:00.141936+00:00,1,3,32,-45.0,-5.185,12.0,-8.0,1.0,12.0,35.0,-0.185,12.0
2026-07-21T22:27:01.575379+00:00,1,3,33,-45.0,-4.722,12.0,-8.0,1.5,12.0,35.0,0.278,12.0
2026-07-21T22:27:02.898856+00:00,1,3,34,-45.0,-4.259,12.0,-8.0,2.0,12.0,35.0,0.741,12.0
2026-07-21T22:27:05.052547+00:00,1,3,35,-45.0,-3.796,12.0,-8.0,2.5,12.0,35.0,1.204,12.0
2026-07-21T22:27:06.488105+00:00,1,3,36,-45.0,-3.333,12.0,-8.0,3.0,12.0,35.0,1.667,12.0
2026-07-21T22:27:07.914243+00:00,1,3,37,-45.0,-2.87,12.0,-8.0,3.5,12.0,35.0,2.13,12.0
2026-07-21T22:27:09.156982+00:00,1,3,38,-45.0,-2.407,12.0,-8.0,4.0,12.0,35.0,2.593,12.0
2026-07-21T22:27:10.446880+00:00,1,3,39,-45.0,-1.944,12.0,-8.0,4.5,12.0,35.0,3.056,12.0
2026-07-21T22:27:12.065859+00:00,1,3,40,-45.0,-1.481,12.0,-8.0,5.0,12.0,35.0,3.519,12.0
2026-07-21T22:27:13.498627+00:00,1,3,41,-45.0,-1.019,12.0,-8.0,5.5,12.0,35.0,3.981,12.0
2026-07-21T22:27:14.913674+00:00,1,3,42,-45.0,-0.556,12.0,-8.0,6.0,12.0,35.0,4.444,12.0
2026-07-21T22:27:16.316313+00:00,1,3,43,-45.0,-0.093,12.0,-8.0,6.5,12.0,35.0,4.907,12.0
2026-07-21T22:27:17.748256+00:00,1,3,44,-45.0,0.37,12.0,-8.0,7.0,12.0,35.0,5.37,12.0
2026-07-21T22:27:19.141924+00:00,1,3,45,-45.0,0.833,12.0,-8.0,7.5,12.0,35.0,5.833,12.0
2026-07-21T22:27:20.501607+00:00,1,3,46,-45.0,1.296,12.0,-8.0,8.0,12.0,35.0,6.296,12.0
2026-07-21T22:27:21.963063+00:00,1,3,47,-45.0,1.759,12.0,-8.0,8.5,12.0,35.0,6.759,12.0
2026-07-21T22:27:24.197185+00:00,1,3,48,-45.0,2.222,12.0,-8.0,9.0,12.0,35.0,7.222,12.0
2026-07-21T22:27:25.473602+00:00,1,3,49,-45.0,2.685,12.0,-8.0,9.5,12.0,35.0,7.685,12.0
2026-07-21T22:27:26.955079+00:00,1,3,50,-45.0,3.148,12.0,-8.0,10.0,12.0,35.0,8.148,12.0
2026-07-21T22:27:28.357539+00:00,1,3,51,-45.0,3.611,12.0,-8.0,10.5,12.0,35.0,8.611,12.0
2026-07-21T22:27:29.667406+00:00,1,3,52,-45.0,4.074,12.0,-8.0,11.0,12.0,35.0,9.074,12.0
2026-07-21T22:27:31.109668+00:00,1,3,53,-45.0,4.537,12.0,-8.0,11.5,12.0,35.0,9.537,12.0
2026-07-21T22:27:32.473632+00:00,1,3,54,-45.0,5.0,12.0,-8.0,12.0,12.0,35.0,10.0,12.0
2026-07-21T22:27:33.712236+00:00,1,4,0,-45.0,5.0,12.0,-8.0,12.0,12.0,35.0,10.0,12.0
2026-07-21T22:27:35.805300+00:00,1,4,1,-44.537,5.0,12.0,-7.519,12.0,12.0,35.463,10.0,12.0
2026-07-21T22:27:37.265404+00:00,1,4,2,-44.074,5.0,12.0,-7.037,12.0,12.0,35.926,10.0,12.0
2026-07-21T22:27:38.640031+00:00,1,4,3,-43.611,5.0,12.0,-6.556,12.0,12.0,36.389,10.0,12.0
2026-07-21T22:27:39.981980+00:00,1,4,4,-43.148,5.0,12.0,-6.074,12.0,12.0,36.852,10.0,12.0
2026-07-21T22:27:41.421059+00:00,1,4,5,-42.685,5.0,12.0,-5.593,12.0,12.0,37.315,10.0,12.0
2026-07-21T22:27:42.830113+00:00,1,4,6,-42.222,5.0,12.0,-5.111,12.0,12.0,37.778,10.0,12.0
2026-07-21T22:27:44.930685+00:00,1,4,7,-41.759,5.0,12.0,-4.63,12.0,12.0,38.241,10.0,12.0
2026-07-21T22:27:46.259757+00:00,1,4,8,-41.296,5.0,12.0,-4.148,12.0,12.0,38.704,10.0,12.0
2026-07-21T22:27:48.402713+00:00,1,4,9,-40.833,5.0,12.0,-3.667,12.0,12.0,39.167,10.0,12.0
2026-07-21T22:27:49.758553+00:00,1,4,10,-40.37,5.0,12.0,-3.185,12.0,12.0,39.63,10.0,12.0
2026-07-21T22:27:51.197599+00:00,1,4,11,-39.907,5.0,12.0,-2.704,12.0,12.0,40.093,10.0,12.0
2026-07-21T22:27:53.337045+00:00,1,4,12,-39.444,5.0,12.0,-2.222,12.0,12.0,40.556,10.0,12.0
2026-07-21T22:27:54.590670+00:00,1,4,13,-38.981,5.0,12.0,-1.741,12.0,12.0,41.019,10.0,12.0
2026-07-21T22:27:55.981605+00:00,1,4,14,-38.519,5.0,12.0,-1.259,12.0,12.0,41.481,10.0,12.0
2026-07-21T22:27:57.333820+00:00,1,4,15,-38.056,5.0,12.0,-0.778,12.0,12.0,41.944,10.0,12.0
2026-07-21T22:27:58.693695+00:00,1,4,16,-37.593,5.0,12.0,-0.296,12.0,12.0,42.407,10.0,12.0
2026-07-21T22:28:00.041130+00:00,1,4,17,-37.13,5.0,12.0,0.185,12.0,12.0,42.87,10.0,12.0
2026-07-21T22:28:01.427680+00:00,1,4,18,-36.667,5.0,12.0,0.667,12.0,12.0,43.333,10.0,12.0
2026-07-21T22:28:02.717894+00:00,1,4,19,-36.204,5.0,12.0,1.148,12.0,12.0,43.796,10.0,12.0
2026-07-21T22:28:03.980278+00:00,1,4,20,-35.741,5.0,12.0,1.63,12.0,12.0,44.259,10.0,12.0
2026-07-21T22:28:05.393163+00:00,1,4,21,-35.278,5.0,12.0,2.111,12.0,12.0,44.722,10.0,12.0
2026-07-21T22:28:07.170809+00:00,1,4,22,-34.815,5.0,12.0,2.593,12.0,12.0,45.185,10.0,12.0
2026-07-21T22:28:09.437303+00:00,1,4,23,-34.352,5.0,12.0,3.074,12.0,12.0,45.648,10.0,12.0
2026-07-21T22:28:11.730904+00:00,1,4,24,-33.889,5.0,12.0,3.556,12.0,12.0,46.111,10.0,12.0
2026-07-21T22:28:13.032009+00:00,1,4,25,-33.426,5.0,12.0,4.037,12.0,12.0,46.574,10.0,12.0
2026-07-21T22:28:14.644256+00:00,1,4,26,-32.963,5.0,12.0,4.519,12.0,12.0,47.037,10.0,12.0
2026-07-21T22:28:16.909160+00:00,1,4,27,-32.5,5.0,12.0,5.0,12.0,12.0,47.5,10.0,12.0
2026-07-21T22:28:18.377671+00:00,1,4,28,-32.037,5.0,12.0,5.481,12.0,12.0,47.963,10.0,12.0
2026-07-21T22:28:19.799313+00:00,1,4,29,-31.574,5.0,12.0,5.963,12.0,12.0,48.426,10.0,12.0
2026-07-21T22:28:21.990302+00:00,1,4,30,-31.111,5.0,12.0,6.444,12.0,12.0,48.889,10.0,12.0
2026-07-21T22:28:23.446957+00:00,1,4,31,-30.648,5.0,12.0,6.926,12.0,12.0,49.352,10.0,12.0
2026-07-21T22:28:24.945657+00:00,1,4,32,-30.185,5.0,12.0,7.407,12.0,12.0,49.815,10.0,12.0
2026-07-21T22:28:26.409377+00:00,1,4,33,-29.722,5.0,12.0,7.889,12.0,12.0,50.278,10.0,12.0
2026-07-21T22:28:27.766681+00:00,1,4,34,-29.259,5.0,12.0,8.37,12.0,12.0,50.741,10.0,12.0
2026-07-21T22:28:29.328429+00:00,1,4,35,-28.796,5.0,12.0,8.852,12.0,12.0,51.204,10.0,12.0
2026-07-21T22:28:30.724107+00:00,1,4,36,-28.333,5.0,12.0,9.333,12.0,12.0,51.667,10.0,12.0
2026-07-21T22:28:32.266598+00:00,1,4,37,-27.87,5.0,12.0,9.815,12.0,12.0,52.13,10.0,12.0
2026-07-21T22:28:33.975861+00:00,1,4,38,-27.407,5.0,12.0,10.296,12.0,12.0,52.593,10.0,12.0
2026-07-21T22:28:35.683624+00:00,1,4,39,-26.944,5.0,12.0,10.778,12.0,12.0,53.056,10.0,12.0
2026-07-21T22:28:37.219253+00:00,1,4,40,-26.481,5.0,12.0,11.259,12.0,12.0,53.519,10.0,12.0
2026-07-21T22:28:38.801635+00:00,1,4,41,-26.019,5.0,12.0,11.741,12.0,12.0,53.981,10.0,12.0
2026-07-21T22:28:40.408698+00:00,1,4,42,-25.556,5.0,12.0,12.222,12.0,12.0,54.444,10.0,12.0
2026-07-21T22:28:41.890082+00:00,1,4,43,-25.093,5.0,12.0,12.704,12.0,12.0,54.907,10.0,12.0
2026-07-21T22:28:43.519348+00:00,1,4,44,-24.63,5.0,12.0,13.185,12.0,12.0,55.37,10.0,12.0
2026-07-21T22:28:45.290086+00:00,1,4,45,-24.167,5.0,12.0,13.667,12.0,12.0,55.833,10.0,12.0
2026-07-21T22:28:46.628115+00:00,1,4,46,-23.704,5.0,12.0,14.148,12.0,12.0,56.296,10.0,12.0
2026-07-21T22:28:48.278976+00:00,1,4,47,-23.241,5.0,12.0,14.63,12.0,12.0,56.759,10.0,12.0
2026-07-21T22:28:49.802061+00:00,1,4,48,-22.778,5.0,12.0,15.111,12.0,12.0,57.222,10.0,12.0
2026-07-21T22:28:52.117620+00:00,1,4,49,-22.315,5.0,12.0,15.593,12.0,12.0,57.685,10.0,12.0
2026-07-21T22:28:53.825908+00:00,1,4,50,-21.852,5.0,12.0,16.074,12.0,12.0,58.148,10.0,12.0
2026-07-21T22:28:55.248659+00:00,1,4,51,-21.389,5.0,12.0,16.556,12.0,12.0,58.611,10.0,12.0
2026-07-21T22:28:57.574330+00:00,1,4,52,-20.926,5.0,12.0,17.037,12.0,12.0,59.074,10.0,12.0
2026-07-21T22:28:59.261242+00:00,1,4,53,-20.463,5.0,12.0,17.519,12.0,12.0,59.537,10.0,12.0
2026-07-21T22:29:00.775031+00:00,1,4,54,-20.0,5.0,12.0,18.0,12.0,12.0,60.0,10.0,12.0
2026-07-21T22:29:02.473054+00:00,1,5,0,-20.0,5.0,12.0,18.0,12.0,12.0,60.0,10.0,12.0
2026-07-21T22:29:04.157498+00:00,1,5,1,-20.0,4.537,12.0,18.0,11.5,12.0,60.0,9.481,12.0
2026-07-21T22:29:05.677852+00:00,1,5,2,-20.0,4.074,12.0,18.0,11.0,12.0,60.0,8.963,12.0
2026-07-21T22:29:08.111137+00:00,1,5,3,-20.0,3.611,12.0,18.0,10.5,12.0,60.0,8.444,12.0
2026-07-21T22:29:10.513724+00:00,1,5,4,-20.0,3.148,12.0,18.0,10.0,12.0,60.0,7.926,12.0
2026-07-21T22:29:11.981718+00:00,1,5,5,-20.0,2.685,12.0,18.0,9.5,12.0,60.0,7.407,12.0
2026-07-21T22:29:14.285624+00:00,1,5,6,-20.0,2.222,12.0,18.0,9.0,12.0,60.0,6.889,12.0
2026-07-21T22:29:15.863630+00:00,1,5,7,-20.0,1.759,12.0,18.0,8.5,12.0,60.0,6.37,12.0
2026-07-21T22:29:17.360307+00:00,1,5,8,-20.0,1.296,12.0,18.0,8.0,12.0,60.0,5.852,12.0
2026-07-21T22:29:18.845872+00:00,1,5,9,-20.0,0.833,12.0,18.0,7.5,12.0,60.0,5.333,12.0
2026-07-21T22:29:20.395119+00:00,1,5,10,-20.0,0.37,12.0,18.0,7.0,12.0,60.0,4.815,12.0
2026-07-21T22:29:21.705825+00:00,1,5,11,-20.0,-0.093,12.0,18.0,6.5,12.0,60.0,4.296,12.0
2026-07-21T22:29:24.063627+00:00,1,5,12,-20.0,-0.556,12.0,18.0,6.0,12.0,60.0,3.778,12.0
2026-07-21T22:29:25.585587+00:00,1,5,13,-20.0,-1.019,12.0,18.0,5.5,12.0,60.0,3.259,12.0
2026-07-21T22:29:27.808033+00:00,1,5,14,-20.0,-1.481,12.0,18.0,5.0,12.0,60.0,2.741,12.0
2026-07-21T22:29:30.059702+00:00,1,5,15,-20.0,-1.944,12.0,18.0,4.5,12.0,60.0,2.222,12.0
2026-07-21T22:29:32.559839+00:00,1,5,16,-20.0,-2.407,12.0,18.0,4.0,12.0,60.0,1.704,12.0
2026-07-21T22:29:34.071367+00:00,1,5,17,-20.0,-2.87,12.0,18.0,3.5,12.0,60.0,1.185,12.0
2026-07-21T22:29:35.667493+00:00,1,5,18,-20.0,-3.333,12.0,18.0,3.0,12.0,60.0,0.667,12.0
2026-07-21T22:29:37.330016+00:00,1,5,19,-20.0,-3.796,12.0,18.0,2.5,12.0,60.0,0.148,12.0
2026-07-21T22:29:39.005620+00:00,1,5,20,-20.0,-4.259,12.0,18.0,2.0,12.0,60.0,-0.37,12.0
2026-07-21T22:29:40.443942+00:00,1,5,21,-20.0,-4.722,12.0,18.0,1.5,12.0,60.0,-0.889,12.0
2026-07-21T22:29:41.813627+00:00,1,5,22,-20.0,-5.185,12.0,18.0,1.0,12.0,60.0,-1.407,12.0
2026-07-21T22:29:43.168331+00:00,1,5,23,-20.0,-5.648,12.0,18.0,0.5,12.0,60.0,-1.926,12.0
2026-07-21T22:29:44.612438+00:00,1,5,24,-20.0,-6.111,12.0,18.0,0.0,12.0,60.0,-2.444,12.0
2026-07-21T22:29:46.128948+00:00,1,5,25,-20.0,-6.574,12.0,18.0,-0.5,12.0,60.0,-2.963,12.0
2026-07-21T22:29:47.679861+00:00,1,5,26,-20.0,-7.037,12.0,18.0,-1.0,12.0,60.0,-3.481,12.0
2026-07-21T22:29:49.840259+00:00,1,5,27,-20.0,-7.5,12.0,18.0,-1.5,12.0,60.0,-4.0,12.0
2026-07-21T22:29:51.574429+00:00,1,5,28,-20.0,-7.963,12.0,18.0,-2.0,12.0,60.0,-4.519,12.0
2026-07-21T22:29:52.952441+00:00,1,5,29,-20.0,-8.426,12.0,18.0,-2.5,12.0,60.0,-5.037,12.0
2026-07-21T22:29:55.367036+00:00,1,5,30,-20.0,-8.889,12.0,18.0,-3.0,12.0,60.0,-5.556,12.0
2026-07-21T22:29:57.833064+00:00,1,5,31,-20.0,-9.352,12.0,18.0,-3.5,12.0,60.0,-6.074,12.0
2026-07-21T22:29:59.246741+00:00,1,5,32,-20.0,-9.815,12.0,18.0,-4.0,12.0,60.0,-6.593,12.0
2026-07-21T22:30:01.480671+00:00,1,5,33,-20.0,-10.278,12.0,18.0,-4.5,12.0,60.0,-7.111,12.0
2026-07-21T22:30:03.081619+00:00,1,5,34,-20.0,-10.741,12.0,18.0,-5.0,12.0,60.0,-7.63,12.0
2026-07-21T22:30:05.234400+00:00,1,5,35,-20.0,-11.204,12.0,18.0,-5.5,12.0,60.0,-8.148,12.0
2026-07-21T22:30:06.877989+00:00,1,5,36,-20.0,-11.667,12.0,18.0,-6.0,12.0,60.0,-8.667,12.0
2026-07-21T22:30:08.236318+00:00,1,5,37,-20.0,-12.13,12.0,18.0,-6.5,12.0,60.0,-9.185,12.0
2026-07-21T22:30:09.755736+00:00,1,5,38,-20.0,-12.593,12.0,18.0,-7.0,12.0,60.0,-9.704,12.0
2026-07-21T22:30:12.275045+00:00,1,5,39,-20.0,-13.056,12.0,18.0,-7.5,12.0,60.0,-10.222,12.0
2026-07-21T22:30:13.856372+00:00,1,5,40,-20.0,-13.519,12.0,18.0,-8.0,12.0,60.0,-10.741,12.0
2026-07-21T22:30:15.423289+00:00,1,5,41,-20.0,-13.981,12.0,18.0,-8.5,12.0,60.0,-11.259,12.0
2026-07-21T22:30:16.997625+00:00,1,5,42,-20.0,-14.444,12.0,18.0,-9.0,12.0,60.0,-11.778,12.0
2026-07-21T22:30:18.468791+00:00,1,5,43,-20.0,-14.907,12.0,18.0,-9.5,12.0,60.0,-12.296,12.0
2026-07-21T22:30:20.672508+00:00,1,5,44,-20.0,-15.37,12.0,18.0,-10.0,12.0,60.0,-12.815,12.0
2026-07-21T22:30:22.296015+00:00,1,5,45,-20.0,-15.833,12.0,18.0,-10.5,12.0,60.0,-13.333,12.0
2026-07-21T22:30:23.727066+00:00,1,5,46,-20.0,-16.296,12.0,18.0,-11.0,12.0,60.0,-13.852,12.0
2026-07-21T22:30:25.203990+00:00,1,5,47,-20.0,-16.759,12.0,18.0,-11.5,12.0,60.0,-14.37,12.0
2026-07-21T22:30:28.533653+00:00,1,5,48,-20.0,-17.222,12.0,18.0,-12.0,12.0,60.0,-14.889,12.0
2026-07-21T22:30:30.119865+00:00,1,5,49,-20.0,-17.685,12.0,18.0,-12.5,12.0,60.0,-15.407,12.0
2026-07-21T22:30:31.465622+00:00,1,5,50,-20.0,-18.148,12.0,18.0,-13.0,12.0,60.0,-15.926,12.0
2026-07-21T22:30:33.716473+00:00,1,5,51,-20.0,-18.611,12.0,18.0,-13.5,12.0,60.0,-16.444,12.0
2026-07-21T22:30:36.869601+00:00,1,5,52,-20.0,-19.074,12.0,18.0,-14.0,12.0,60.0,-16.963,12.0
2026-07-21T22:30:38.473315+00:00,1,5,53,-20.0,-19.537,12.0,18.0,-14.5,12.0,60.0,-17.481,12.0
2026-07-21T22:30:39.954686+00:00,1,5,54,-20.0,-20.0,12.0,18.0,-15.0,12.0,60.0,-18.0,12.0
2026-07-21T22:30:41.593686+00:00,1,6,0,-20.0,-20.0,12.0,18.0,-15.0,12.0,60.0,-18.0,12.0
2026-07-21T22:30:43.301638+00:00,1,6,1,-20.093,-20.333,12.0,17.667,-15.426,12.0,59.352,-18.37,12.0
2026-07-21T22:30:44.670367+00:00,1,6,2,-20.185,-20.667,12.0,17.333,-15.852,12.0,58.704,-18.741,12.0
2026-07-21T22:30:46.284080+00:00,1,6,3,-20.278,-21.0,12.0,17.0,-16.278,12.0,58.056,-19.111,12.0
2026-07-21T22:30:47.835824+00:00,1,6,4,-20.37,-21.333,12.0,16.667,-16.704,12.0,57.407,-19.481,12.0
2026-07-21T22:30:50.175249+00:00,1,6,5,-20.463,-21.667,12.0,16.333,-17.13,12.0,56.759,-19.852,12.0
2026-07-21T22:30:51.728592+00:00,1,6,6,-20.556,-22.0,12.0,16.0,-17.556,12.0,56.111,-20.222,12.0
2026-07-21T22:30:54.874731+00:00,1,6,7,-20.648,-22.333,12.0,15.667,-17.981,12.0,55.463,-20.593,12.0
2026-07-21T22:30:56.352344+00:00,1,6,8,-20.741,-22.667,12.0,15.333,-18.407,12.0,54.815,-20.963,12.0
2026-07-21T22:30:57.993606+00:00,1,6,9,-20.833,-23.0,12.0,15.0,-18.833,12.0,54.167,-21.333,12.0
2026-07-21T22:31:00.245613+00:00,1,6,10,-20.926,-23.333,12.0,14.667,-19.259,12.0,53.519,-21.704,12.0
2026-07-21T22:31:01.527087+00:00,1,6,11,-21.019,-23.667,12.0,14.333,-19.685,12.0,52.87,-22.074,12.0
2026-07-21T22:31:02.994118+00:00,1,6,12,-21.111,-24.0,12.0,14.0,-20.111,12.0,52.222,-22.444,12.0
2026-07-21T22:31:04.530437+00:00,1,6,13,-21.204,-24.333,12.0,13.667,-20.537,12.0,51.574,-22.815,12.0
2026-07-21T22:31:05.921961+00:00,1,6,14,-21.296,-24.667,12.0,13.333,-20.963,12.0,50.926,-23.185,12.0
2026-07-21T22:31:07.543464+00:00,1,6,15,-21.389,-25.0,12.0,13.0,-21.389,12.0,50.278,-23.556,12.0
2026-07-21T22:31:09.079094+00:00,1,6,16,-21.481,-25.333,12.0,12.667,-21.815,12.0,49.63,-23.926,12.0
2026-07-21T22:31:10.615182+00:00,1,6,17,-21.574,-25.667,12.0,12.333,-22.241,12.0,48.981,-24.296,12.0
2026-07-21T22:31:12.242185+00:00,1,6,18,-21.667,-26.0,12.0,12.0,-22.667,12.0,48.333,-24.667,12.0
2026-07-21T22:31:13.849681+00:00,1,6,19,-21.759,-26.333,12.0,11.667,-23.093,12.0,47.685,-25.037,12.0
2026-07-21T22:31:15.243020+00:00,1,6,20,-21.852,-26.667,12.0,11.333,-23.519,12.0,47.037,-25.407,12.0
2026-07-21T22:31:16.721637+00:00,1,6,21,-21.944,-27.0,12.0,11.0,-23.944,12.0,46.389,-25.778,12.0
2026-07-21T22:31:18.101661+00:00,1,6,22,-22.037,-27.333,12.0,10.667,-24.37,12.0,45.741,-26.148,12.0
2026-07-21T22:31:19.573751+00:00,1,6,23,-22.13,-27.667,12.0,10.333,-24.796,12.0,45.093,-26.519,12.0
2026-07-21T22:31:21.135093+00:00,1,6,24,-22.222,-28.0,12.0,10.0,-25.222,12.0,44.444,-26.889,12.0
2026-07-21T22:31:22.756485+00:00,1,6,25,-22.315,-28.333,12.0,9.667,-25.648,12.0,43.796,-27.259,12.0
2026-07-21T22:31:25.112688+00:00,1,6,26,-22.407,-28.667,12.0,9.333,-26.074,12.0,43.148,-27.63,12.0
2026-07-21T22:31:26.700757+00:00,1,6,27,-22.5,-29.0,12.0,9.0,-26.5,12.0,42.5,-28.0,12.0
2026-07-21T22:31:28.195523+00:00,1,6,28,-22.593,-29.333,12.0,8.667,-26.926,12.0,41.852,-28.37,12.0
2026-07-21T22:31:30.672941+00:00,1,6,29,-22.685,-29.667,12.0,8.333,-27.352,12.0,41.204,-28.741,12.0
2026-07-21T22:31:32.085626+00:00,1,6,30,-22.778,-30.0,12.0,8.0,-27.778,12.0,40.556,-29.111,12.0
2026-07-21T22:31:33.444553+00:00,1,6,31,-22.87,-30.333,12.0,7.667,-28.204,12.0,39.907,-29.481,12.0
2026-07-21T22:31:35.048186+00:00,1,6,32,-22.963,-30.667,12.0,7.333,-28.63,12.0,39.259,-29.852,12.0
2026-07-21T22:31:36.659430+00:00,1,6,33,-23.056,-31.0,12.0,7.0,-29.056,12.0,38.611,-30.222,12.0
2026-07-21T22:31:39.034689+00:00,1,6,34,-23.148,-31.333,12.0,6.667,-29.481,12.0,37.963,-30.593,12.0
2026-07-21T22:31:40.597452+00:00,1,6,35,-23.241,-31.667,12.0,6.333,-29.907,12.0,37.315,-30.963,12.0
2026-07-21T22:31:43.101648+00:00,1,6,36,-23.333,-32.0,12.0,6.0,-30.333,12.0,36.667,-31.333,12.0
2026-07-21T22:31:45.605251+00:00,1,6,37,-23.426,-32.333,12.0,5.667,-30.759,12.0,36.019,-31.704,12.0
2026-07-21T22:31:47.857039+00:00,1,6,38,-23.519,-32.667,12.0,5.333,-31.185,12.0,35.37,-32.074,12.0
2026-07-21T22:31:49.269896+00:00,1,6,39,-23.611,-33.0,12.0,5.0,-31.611,12.0,34.722,-32.444,12.0
2026-07-21T22:31:50.680180+00:00,1,6,40,-23.704,-33.333,12.0,4.667,-32.037,12.0,34.074,-32.815,12.0
2026-07-21T22:31:52.839811+00:00,1,6,41,-23.796,-33.667,12.0,4.333,-32.463,12.0,33.426,-33.185,12.0
2026-07-21T22:31:54.347772+00:00,1,6,42,-23.889,-34.0,12.0,4.0,-32.889,12.0,32.778,-33.556,12.0
2026-07-21T22:31:56.505899+00:00,1,6,43,-23.981,-34.333,12.0,3.667,-33.315,12.0,32.13,-33.926,12.0
2026-07-21T22:31:58.735768+00:00,1,6,44,-24.074,-34.667,12.0,3.333,-33.741,12.0,31.481,-34.296,12.0
2026-07-21T22:32:01.085609+00:00,1,6,45,-24.167,-35.0,12.0,3.0,-34.167,12.0,30.833,-34.667,12.0
2026-07-21T22:32:03.523983+00:00,1,6,46,-24.259,-35.333,12.0,2.667,-34.593,12.0,30.185,-35.037,12.0
2026-07-21T22:32:04.898903+00:00,1,6,47,-24.352,-35.667,12.0,2.333,-35.019,12.0,29.537,-35.407,12.0
2026-07-21T22:32:06.317986+00:00,1,6,48,-24.444,-36.0,12.0,2.0,-35.444,12.0,28.889,-35.778,12.0
2026-07-21T22:32:07.868365+00:00,1,6,49,-24.537,-36.333,12.0,1.667,-35.87,12.0,28.241,-36.148,12.0
2026-07-21T22:32:09.326321+00:00,1,6,50,-24.63,-36.667,12.0,1.333,-36.296,12.0,27.593,-36.519,12.0
2026-07-21T22:32:10.737621+00:00,1,6,51,-24.722,-37.0,12.0,1.0,-36.722,12.0,26.944,-36.889,12.0
2026-07-21T22:32:12.251495+00:00,1,6,52,-24.815,-37.333,12.0,0.667,-37.148,12.0,26.296,-37.259,12.0
2026-07-21T22:32:13.763085+00:00,1,6,53,-24.907,-37.667,12.0,0.333,-37.574,12.0,25.648,-37.63,12.0
2026-07-21T22:32:16.087123+00:00,1,6,54,-25.0,-38.0,12.0,0.0,-38.0,12.0,25.0,-38.0,12.0
2026-07-21T22:32:17.693520+00:00,1,7,0,-25.0,-38.0,12.0,0.0,-38.0,12.0,25.0,-38.0,12.0
2026-07-21T22:32:19.397499+00:00,1,7,1,-25.0,-38.0,11.793,0.0,-38.0,11.793,25.0,-38.0,11.793
2026-07-21T22:32:20.849935+00:00,1,7,2,-25.0,-38.0,11.585,0.0,-38.0,11.585,25.0,-38.0,11.585
2026-07-21T22:32:22.431323+00:00,1,7,3,-25.0,-38.0,11.378,0.0,-38.0,11.378,25.0,-38.0,11.378
2026-07-21T22:32:23.978667+00:00,1,7,4,-25.0,-38.0,11.17,0.0,-38.0,11.17,25.0,-38.0,11.17
2026-07-21T22:32:26.232474+00:00,1,7,5,-25.0,-38.0,10.963,0.0,-38.0,10.963,25.0,-38.0,10.963
2026-07-21T22:32:27.737628+00:00,1,7,6,-25.0,-38.0,10.756,0.0,-38.0,10.756,25.0,-38.0,10.756
2026-07-21T22:32:30.227485+00:00,1,7,7,-25.0,-38.0,10.548,0.0,-38.0,10.548,25.0,-38.0,10.548
2026-07-21T22:32:31.771427+00:00,1,7,8,-25.0,-38.0,10.341,0.0,-38.0,10.341,25.0,-38.0,10.341
2026-07-21T22:32:34.180410+00:00,1,7,9,-25.0,-38.0,10.133,0.0,-38.0,10.133,25.0,-38.0,10.133
2026-07-21T22:32:36.711993+00:00,1,7,10,-25.0,-38.0,9.926,0.0,-38.0,9.926,25.0,-38.0,9.926
2026-07-21T22:32:39.200659+00:00,1,7,11,-25.0,-38.0,9.719,0.0,-38.0,9.719,25.0,-38.0,9.719
2026-07-21T22:32:40.747519+00:00,1,7,12,-25.0,-38.0,9.511,0.0,-38.0,9.511,25.0,-38.0,9.511
2026-07-21T22:32:43.030701+00:00,1,7,13,-25.0,-38.0,9.304,0.0,-38.0,9.304,25.0,-38.0,9.304
2026-07-21T22:32:44.555533+00:00,1,7,14,-25.0,-38.0,9.096,0.0,-38.0,9.096,25.0,-38.0,9.096
2026-07-21T22:32:45.987322+00:00,1,7,15,-25.0,-38.0,8.889,0.0,-38.0,8.889,25.0,-38.0,8.889
2026-07-21T22:32:47.524555+00:00,1,7,16,-25.0,-38.0,8.681,0.0,-38.0,8.681,25.0,-38.0,8.681
2026-07-21T22:32:49.093121+00:00,1,7,17,-25.0,-38.0,8.474,0.0,-38.0,8.474,25.0,-38.0,8.474
2026-07-21T22:32:50.562693+00:00,1,7,18,-25.0,-38.0,8.267,0.0,-38.0,8.267,25.0,-38.0,8.267
2026-07-21T22:32:52.023489+00:00,1,7,19,-25.0,-38.0,8.059,0.0,-38.0,8.059,25.0,-38.0,8.059
2026-07-21T22:32:54.298541+00:00,1,7,20,-25.0,-38.0,7.852,0.0,-38.0,7.852,25.0,-38.0,7.852
2026-07-21T22:32:55.758108+00:00,1,7,21,-25.0,-38.0,7.644,0.0,-38.0,7.644,25.0,-38.0,7.644
2026-07-21T22:32:57.339279+00:00,1,7,22,-25.0,-38.0,7.437,0.0,-38.0,7.437,25.0,-38.0,7.437
2026-07-21T22:33:00.599901+00:00,1,7,23,-25.0,-38.0,7.23,0.0,-38.0,7.23,25.0,-38.0,7.23
2026-07-21T22:33:02.256024+00:00,1,7,24,-25.0,-38.0,7.022,0.0,-38.0,7.022,25.0,-38.0,7.022
2026-07-21T22:33:03.969655+00:00,1,7,25,-25.0,-38.0,6.815,0.0,-38.0,6.815,25.0,-38.0,6.815
2026-07-21T22:33:05.788534+00:00,1,7,26,-25.0,-38.0,6.607,0.0,-38.0,6.607,25.0,-38.0,6.607
2026-07-21T22:33:07.796381+00:00,1,7,27,-25.0,-38.0,6.4,0.0,-38.0,6.4,25.0,-38.0,6.4
2026-07-21T22:33:09.335397+00:00,1,7,28,-25.0,-38.0,6.193,0.0,-38.0,6.193,25.0,-38.0,6.193
2026-07-21T22:33:10.984058+00:00,1,7,29,-25.0,-38.0,5.985,0.0,-38.0,5.985,25.0,-38.0,5.985
2026-07-21T22:33:12.653207+00:00,1,7,30,-25.0,-38.0,5.778,0.0,-38.0,5.778,25.0,-38.0,5.778
2026-07-21T22:33:15.278031+00:00,1,7,31,-25.0,-38.0,5.57,0.0,-38.0,5.57,25.0,-38.0,5.57
2026-07-21T22:33:17.703180+00:00,1,7,32,-25.0,-38.0,5.363,0.0,-38.0,5.363,25.0,-38.0,5.363
2026-07-21T22:33:19.309821+00:00,1,7,33,-25.0,-38.0,5.156,0.0,-38.0,5.156,25.0,-38.0,5.156
2026-07-21T22:33:21.638322+00:00,1,7,34,-25.0,-38.0,4.948,0.0,-38.0,4.948,25.0,-38.0,4.948
2026-07-21T22:33:23.970001+00:00,1,7,35,-25.0,-38.0,4.741,0.0,-38.0,4.741,25.0,-38.0,4.741
2026-07-21T22:33:25.444780+00:00,1,7,36,-25.0,-38.0,4.533,0.0,-38.0,4.533,25.0,-38.0,4.533
2026-07-21T22:33:27.856874+00:00,1,7,37,-25.0,-38.0,4.326,0.0,-38.0,4.326,25.0,-38.0,4.326
2026-07-21T22:33:29.505617+00:00,1,7,38,-25.0,-38.0,4.119,0.0,-38.0,4.119,25.0,-38.0,4.119
2026-07-21T22:33:32.855863+00:00,1,7,39,-25.0,-38.0,3.911,0.0,-38.0,3.911,25.0,-38.0,3.911
2026-07-21T22:33:34.490966+00:00,1,7,40,-25.0,-38.0,3.704,0.0,-38.0,3.704,25.0,-38.0,3.704
2026-07-21T22:33:36.033674+00:00,1,7,41,-25.0,-38.0,3.496,0.0,-38.0,3.496,25.0,-38.0,3.496
2026-07-21T22:33:37.440779+00:00,1,7,42,-25.0,-38.0,3.289,0.0,-38.0,3.289,25.0,-38.0,3.289
2026-07-21T22:33:38.986708+00:00,1,7,43,-25.0,-38.0,3.081,0.0,-38.0,3.081,25.0,-38.0,3.081
2026-07-21T22:33:40.435633+00:00,1,7,44,-25.0,-38.0,2.874,0.0,-38.0,2.874,25.0,-38.0,2.874
2026-07-21T22:33:42.961656+00:00,1,7,45,-25.0,-38.0,2.667,0.0,-38.0,2.667,25.0,-38.0,2.667
2026-07-21T22:33:45.306013+00:00,1,7,46,-25.0,-38.0,2.459,0.0,-38.0,2.459,25.0,-38.0,2.459
2026-07-21T22:33:46.882113+00:00,1,7,47,-25.0,-38.0,2.252,0.0,-38.0,2.252,25.0,-38.0,2.252
2026-07-21T22:33:48.525604+00:00,1,7,48,-25.0,-38.0,2.044,0.0,-38.0,2.044,25.0,-38.0,2.044
2026-07-21T22:33:49.998582+00:00,1,7,49,-25.0,-38.0,1.837,0.0,-38.0,1.837,25.0,-38.0,1.837
2026-07-21T22:33:51.542942+00:00,1,7,50,-25.0,-38.0,1.63,0.0,-38.0,1.63,25.0,-38.0,1.63
2026-07-21T22:33:53.130769+00:00,1,7,51,-25.0,-38.0,1.422,0.0,-38.0,1.422,25.0,-38.0,1.422
2026-07-21T22:33:54.708064+00:00,1,7,52,-25.0,-38.0,1.215,0.0,-38.0,1.215,25.0,-38.0,1.215
2026-07-21T22:33:56.946304+00:00,1,7,53,-25.0,-38.0,1.007,0.0,-38.0,1.007,25.0,-38.0,1.007
2026-07-21T22:33:59.245287+00:00,1,7,54,-25.0,-38.0,0.8,0.0,-38.0,0.8,25.0,-38.0,0.8
2026-07-21T22:34:01.406286+00:00,2,1,0,-25.0,-38.0,0.8,0.0,-38.0,0.8,25.0,-38.0,0.8
2026-07-21T22:34:03.153637+00:00,2,1,1,-25.0,-38.0,1.007,0.0,-38.0,1.007,25.0,-38.0,1.007
2026-07-21T22:34:05.559261+00:00,2,1,2,-25.0,-38.0,1.215,0.0,-38.0,1.215,25.0,-38.0,1.215
2026-07-21T22:34:08.598488+00:00,2,1,3,-25.0,-38.0,1.422,0.0,-38.0,1.422,25.0,-38.0,1.422
2026-07-21T22:34:10.119133+00:00,2,1,4,-25.0,-38.0,1.63,0.0,-38.0,1.63,25.0,-38.0,1.63
2026-07-21T22:34:11.787405+00:00,2,1,5,-25.0,-38.0,1.837,0.0,-38.0,1.837,25.0,-38.0,1.837
2026-07-21T22:34:14.220998+00:00,2,1,6,-25.0,-38.0,2.044,0.0,-38.0,2.044,25.0,-38.0,2.044
2026-07-21T22:34:15.758908+00:00,2,1,7,-25.0,-38.0,2.252,0.0,-38.0,2.252,25.0,-38.0,2.252
2026-07-21T22:34:18.049653+00:00,2,1,8,-25.0,-38.0,2.459,0.0,-38.0,2.459,25.0,-38.0,2.459
2026-07-21T22:34:20.482943+00:00,2,1,9,-25.0,-38.0,2.667,0.0,-38.0,2.667,25.0,-38.0,2.667
2026-07-21T22:34:22.159722+00:00,2,1,10,-25.0,-38.0,2.874,0.0,-38.0,2.874,25.0,-38.0,2.874
2026-07-21T22:34:23.780228+00:00,2,1,11,-25.0,-38.0,3.081,0.0,-38.0,3.081,25.0,-38.0,3.081
2026-07-21T22:34:25.469320+00:00,2,1,12,-25.0,-38.0,3.289,0.0,-38.0,3.289,25.0,-38.0,3.289
2026-07-21T22:34:27.175351+00:00,2,1,13,-25.0,-38.0,3.496,0.0,-38.0,3.496,25.0,-38.0,3.496
2026-07-21T22:34:29.604656+00:00,2,1,14,-25.0,-38.0,3.704,0.0,-38.0,3.704,25.0,-38.0,3.704
2026-07-21T22:34:31.070621+00:00,2,1,15,-25.0,-38.0,3.911,0.0,-38.0,3.911,25.0,-38.0,3.911
2026-07-21T22:34:32.869599+00:00,2,1,16,-25.0,-38.0,4.119,0.0,-38.0,4.119,25.0,-38.0,4.119
2026-07-21T22:34:34.361623+00:00,2,1,17,-25.0,-38.0,4.326,0.0,-38.0,4.326,25.0,-38.0,4.326
2026-07-21T22:34:36.857916+00:00,2,1,18,-25.0,-38.0,4.533,0.0,-38.0,4.533,25.0,-38.0,4.533
2026-07-21T22:34:39.293629+00:00,2,1,19,-25.0,-38.0,4.741,0.0,-38.0,4.741,25.0,-38.0,4.741
2026-07-21T22:34:41.769065+00:00,2,1,20,-25.0,-38.0,4.948,0.0,-38.0,4.948,25.0,-38.0,4.948
2026-07-21T22:34:44.070521+00:00,2,1,21,-25.0,-38.0,5.156,0.0,-38.0,5.156,25.0,-38.0,5.156
2026-07-21T22:34:45.742859+00:00,2,1,22,-25.0,-38.0,5.363,0.0,-38.0,5.363,25.0,-38.0,5.363
2026-07-21T22:34:47.307579+00:00,2,1,23,-25.0,-38.0,5.57,0.0,-38.0,5.57,25.0,-38.0,5.57
2026-07-21T22:34:49.025624+00:00,2,1,24,-25.0,-38.0,5.778,0.0,-38.0,5.778,25.0,-38.0,5.778
2026-07-21T22:34:50.650000+00:00,2,1,25,-25.0,-38.0,5.985,0.0,-38.0,5.985,25.0,-38.0,5.985
2026-07-21T22:34:52.352351+00:00,2,1,26,-25.0,-38.0,6.193,0.0,-38.0,6.193,25.0,-38.0,6.193
2026-07-21T22:34:54.623515+00:00,2,1,27,-25.0,-38.0,6.4,0.0,-38.0,6.4,25.0,-38.0,6.4
2026-07-21T22:34:57.174626+00:00,2,1,28,-25.0,-38.0,6.607,0.0,-38.0,6.607,25.0,-38.0,6.607
2026-07-21T22:34:59.564899+00:00,2,1,29,-25.0,-38.0,6.815,0.0,-38.0,6.815,25.0,-38.0,6.815
2026-07-21T22:35:02.052371+00:00,2,1,30,-25.0,-38.0,7.022,0.0,-38.0,7.022,25.0,-38.0,7.022
2026-07-21T22:35:03.581944+00:00,2,1,31,-25.0,-38.0,7.23,0.0,-38.0,7.23,25.0,-38.0,7.23
2026-07-21T22:35:05.090830+00:00,2,1,32,-25.0,-38.0,7.437,0.0,-38.0,7.437,25.0,-38.0,7.437
2026-07-21T22:35:06.675637+00:00,2,1,33,-25.0,-38.0,7.644,0.0,-38.0,7.644,25.0,-38.0,7.644
2026-07-21T22:35:08.300077+00:00,2,1,34,-25.0,-38.0,7.852,0.0,-38.0,7.852,25.0,-38.0,7.852
2026-07-21T22:35:09.907352+00:00,2,1,35,-25.0,-38.0,8.059,0.0,-38.0,8.059,25.0,-38.0,8.059
2026-07-21T22:35:11.288351+00:00,2,1,36,-25.0,-38.0,8.267,0.0,-38.0,8.267,25.0,-38.0,8.267
2026-07-21T22:35:13.578341+00:00,2,1,37,-25.0,-38.0,8.474,0.0,-38.0,8.474,25.0,-38.0,8.474
2026-07-21T22:35:16.168936+00:00,2,1,38,-25.0,-38.0,8.681,0.0,-38.0,8.681,25.0,-38.0,8.681
2026-07-21T22:35:17.898337+00:00,2,1,39,-25.0,-38.0,8.889,0.0,-38.0,8.889,25.0,-38.0,8.889
2026-07-21T22:35:19.453501+00:00,2,1,40,-25.0,-38.0,9.096,0.0,-38.0,9.096,25.0,-38.0,9.096
2026-07-21T22:35:20.969719+00:00,2,1,41,-25.0,-38.0,9.304,0.0,-38.0,9.304,25.0,-38.0,9.304
2026-07-21T22:35:23.397644+00:00,2,1,42,-25.0,-38.0,9.511,0.0,-38.0,9.511,25.0,-38.0,9.511
2026-07-21T22:35:25.908024+00:00,2,1,43,-25.0,-38.0,9.719,0.0,-38.0,9.719,25.0,-38.0,9.719
2026-07-21T22:35:27.609757+00:00,2,1,44,-25.0,-38.0,9.926,0.0,-38.0,9.926,25.0,-38.0,9.926
2026-07-21T22:35:29.356293+00:00,2,1,45,-25.0,-38.0,10.133,0.0,-38.0,10.133,25.0,-38.0,10.133
2026-07-21T22:35:30.926835+00:00,2,1,46,-25.0,-38.0,10.341,0.0,-38.0,10.341,25.0,-38.0,10.341
2026-07-21T22:35:34.100493+00:00,2,1,47,-25.0,-38.0,10.548,0.0,-38.0,10.548,25.0,-38.0,10.548
2026-07-21T22:35:35.717637+00:00,2,1,48,-25.0,-38.0,10.756,0.0,-38.0,10.756,25.0,-38.0,10.756
2026-07-21T22:35:37.201609+00:00,2,1,49,-25.0,-38.0,10.963,0.0,-38.0,10.963,25.0,-38.0,10.963
2026-07-21T22:35:38.669079+00:00,2,1,50,-25.0,-38.0,11.17,0.0,-38.0,11.17,25.0,-38.0,11.17
2026-07-21T22:35:40.125597+00:00,2,1,51,-25.0,-38.0,11.378,0.0,-38.0,11.378,25.0,-38.0,11.378
2026-07-21T22:35:41.689858+00:00,2,1,52,-25.0,-38.0,11.585,0.0,-38.0,11.585,25.0,-38.0,11.585
2026-07-21T22:35:43.955116+00:00,2,1,53,-25.0,-38.0,11.793,0.0,-38.0,11.793,25.0,-38.0,11.793
2026-07-21T22:35:45.400718+00:00,2,1,54,-25.0,-38.0,12.0,0.0,-38.0,12.0,25.0,-38.0,12.0
2026-07-21T22:35:46.887789+00:00,2,2,0,-25.0,-38.0,12.0,0.0,-38.0,12.0,25.0,-38.0,12.0
2026-07-21T22:35:49.331508+00:00,2,2,1,-25.37,-37.667,12.0,-0.148,-37.574,12.0,25.185,-37.574,12.0
2026-07-21T22:35:50.948529+00:00,2,2,2,-25.741,-37.333,12.0,-0.296,-37.148,12.0,25.37,-37.148,12.0
2026-07-21T22:35:52.394441+00:00,2,2,3,-26.111,-37.0,12.0,-0.444,-36.722,12.0,25.556,-36.722,12.0
2026-07-21T22:35:54.681612+00:00,2,2,4,-26.481,-36.667,12.0,-0.593,-36.296,12.0,25.741,-36.296,12.0
2026-07-21T22:35:56.266842+00:00,2,2,5,-26.852,-36.333,12.0,-0.741,-35.87,12.0,25.926,-35.87,12.0
2026-07-21T22:35:57.862165+00:00,2,2,6,-27.222,-36.0,12.0,-0.889,-35.444,12.0,26.111,-35.444,12.0
2026-07-21T22:35:59.283895+00:00,2,2,7,-27.593,-35.667,12.0,-1.037,-35.019,12.0,26.296,-35.019,12.0
2026-07-21T22:36:01.761041+00:00,2,2,8,-27.963,-35.333,12.0,-1.185,-34.593,12.0,26.481,-34.593,12.0
2026-07-21T22:36:03.334205+00:00,2,2,9,-28.333,-35.0,12.0,-1.333,-34.167,12.0,26.667,-34.167,12.0
2026-07-21T22:36:05.696095+00:00,2,2,10,-28.704,-34.667,12.0,-1.481,-33.741,12.0,26.852,-33.741,12.0
2026-07-21T22:36:07.912590+00:00,2,2,11,-29.074,-34.333,12.0,-1.63,-33.315,12.0,27.037,-33.315,12.0
2026-07-21T22:36:09.446861+00:00,2,2,12,-29.444,-34.0,12.0,-1.778,-32.889,12.0,27.222,-32.889,12.0
2026-07-21T22:36:11.172288+00:00,2,2,13,-29.815,-33.667,12.0,-1.926,-32.463,12.0,27.407,-32.463,12.0
2026-07-21T22:36:13.610557+00:00,2,2,14,-30.185,-33.333,12.0,-2.074,-32.037,12.0,27.593,-32.037,12.0
2026-07-21T22:36:15.716420+00:00,2,2,15,-30.556,-33.0,12.0,-2.222,-31.611,12.0,27.778,-31.611,12.0
2026-07-21T22:36:17.200243+00:00,2,2,16,-30.926,-32.667,12.0,-2.37,-31.185,12.0,27.963,-31.185,12.0
2026-07-21T22:36:19.847019+00:00,2,2,17,-31.296,-32.333,12.0,-2.519,-30.759,12.0,28.148,-30.759,12.0
2026-07-21T22:36:21.447933+00:00,2,2,18,-31.667,-32.0,12.0,-2.667,-30.333,12.0,28.333,-30.333,12.0
2026-07-21T22:36:23.841688+00:00,2,2,19,-32.037,-31.667,12.0,-2.815,-29.907,12.0,28.519,-29.907,12.0
2026-07-21T22:36:25.366361+00:00,2,2,20,-32.407,-31.333,12.0,-2.963,-29.481,12.0,28.704,-29.481,12.0
2026-07-21T22:36:27.054183+00:00,2,2,21,-32.778,-31.0,12.0,-3.111,-29.056,12.0,28.889,-29.056,12.0
2026-07-21T22:36:28.740567+00:00,2,2,22,-33.148,-30.667,12.0,-3.259,-28.63,12.0,29.074,-28.63,12.0
2026-07-21T22:36:31.244252+00:00,2,2,23,-33.519,-30.333,12.0,-3.407,-28.204,12.0,29.259,-28.204,12.0
2026-07-21T22:36:32.721604+00:00,2,2,24,-33.889,-30.0,12.0,-3.556,-27.778,12.0,29.444,-27.778,12.0
2026-07-21T22:36:34.447918+00:00,2,2,25,-34.259,-29.667,12.0,-3.704,-27.352,12.0,29.63,-27.352,12.0
2026-07-21T22:36:36.939634+00:00,2,2,26,-34.63,-29.333,12.0,-3.852,-26.926,12.0,29.815,-26.926,12.0
2026-07-21T22:36:38.519974+00:00,2,2,27,-35.0,-29.0,12.0,-4.0,-26.5,12.0,30.0,-26.5,12.0
2026-07-21T22:36:39.965905+00:00,2,2,28,-35.37,-28.667,12.0,-4.148,-26.074,12.0,30.185,-26.074,12.0
2026-07-21T22:36:41.455813+00:00,2,2,29,-35.741,-28.333,12.0,-4.296,-25.648,12.0,30.37,-25.648,12.0
2026-07-21T22:36:42.903744+00:00,2,2,30,-36.111,-28.0,12.0,-4.444,-25.222,12.0,30.556,-25.222,12.0
2026-07-21T22:36:44.390894+00:00,2,2,31,-36.481,-27.667,12.0,-4.593,-24.796,12.0,30.741,-24.796,12.0
2026-07-21T22:36:45.850694+00:00,2,2,32,-36.852,-27.333,12.0,-4.741,-24.37,12.0,30.926,-24.37,12.0
2026-07-21T22:36:47.347966+00:00,2,2,33,-37.222,-27.0,12.0,-4.889,-23.944,12.0,31.111,-23.944,12.0
2026-07-21T22:36:48.766103+00:00,2,2,34,-37.593,-26.667,12.0,-5.037,-23.519,12.0,31.296,-23.519,12.0
2026-07-21T22:36:51.139264+00:00,2,2,35,-37.963,-26.333,12.0,-5.185,-23.093,12.0,31.481,-23.093,12.0
2026-07-21T22:36:53.435064+00:00,2,2,36,-38.333,-26.0,12.0,-5.333,-22.667,12.0,31.667,-22.667,12.0
2026-07-21T22:36:55.785888+00:00,2,2,37,-38.704,-25.667,12.0,-5.481,-22.241,12.0,31.852,-22.241,12.0
2026-07-21T22:36:57.308441+00:00,2,2,38,-39.074,-25.333,12.0,-5.63,-21.815,12.0,32.037,-21.815,12.0
2026-07-21T22:36:58.866731+00:00,2,2,39,-39.444,-25.0,12.0,-5.778,-21.389,12.0,32.222,-21.389,12.0
2026-07-21T22:37:00.397057+00:00,2,2,40,-39.815,-24.667,12.0,-5.926,-20.963,12.0,32.407,-20.963,12.0
2026-07-21T22:37:02.875471+00:00,2,2,41,-40.185,-24.333,12.0,-6.074,-20.537,12.0,32.593,-20.537,12.0
2026-07-21T22:37:04.371079+00:00,2,2,42,-40.556,-24.0,12.0,-6.222,-20.111,12.0,32.778,-20.111,12.0
2026-07-21T22:37:06.845616+00:00,2,2,43,-40.926,-23.667,12.0,-6.37,-19.685,12.0,32.963,-19.685,12.0
2026-07-21T22:37:09.331905+00:00,2,2,44,-41.296,-23.333,12.0,-6.519,-19.259,12.0,33.148,-19.259,12.0
2026-07-21T22:37:10.753843+00:00,2,2,45,-41.667,-23.0,12.0,-6.667,-18.833,12.0,33.333,-18.833,12.0
2026-07-21T22:37:12.328030+00:00,2,2,46,-42.037,-22.667,12.0,-6.815,-18.407,12.0,33.519,-18.407,12.0
2026-07-21T22:37:13.892296+00:00,2,2,47,-42.407,-22.333,12.0,-6.963,-17.981,12.0,33.704,-17.981,12.0
2026-07-21T22:37:16.332130+00:00,2,2,48,-42.778,-22.0,12.0,-7.111,-17.556,12.0,33.889,-17.556,12.0
2026-07-21T22:37:17.835600+00:00,2,2,49,-43.148,-21.667,12.0,-7.259,-17.13,12.0,34.074,-17.13,12.0
2026-07-21T22:37:19.413265+00:00,2,2,50,-43.519,-21.333,12.0,-7.407,-16.704,12.0,34.259,-16.704,12.0
2026-07-21T22:37:20.950116+00:00,2,2,51,-43.889,-21.0,12.0,-7.556,-16.278,12.0,34.444,-16.278,12.0
2026-07-21T22:37:23.414870+00:00,2,2,52,-44.259,-20.667,12.0,-7.704,-15.852,12.0,34.63,-15.852,12.0
2026-07-21T22:37:25.735283+00:00,2,2,53,-44.63,-20.333,12.0,-7.852,-15.426,12.0,34.815,-15.426,12.0
2026-07-21T22:37:28.999523+00:00,2,2,54,-45.0,-20.0,12.0,-8.0,-15.0,12.0,35.0,-15.0,12.0
2026-07-21T22:37:31.539193+00:00,2,3,0,-45.0,-20.0,12.0,-8.0,-15.0,12.0,35.0,-15.0,12.0
2026-07-21T22:37:34.227380+00:00,2,3,1,-45.0,-19.537,12.0,-8.0,-14.5,12.0,35.0,-14.537,12.0
2026-07-21T22:37:35.900342+00:00,2,3,2,-45.0,-19.074,12.0,-8.0,-14.0,12.0,35.0,-14.074,12.0
2026-07-21T22:37:38+00:00,2,3,3,-45.0,-18.611,12.0,-8.0,-13.5,12.0,35.0,-13.611,12.0
2026-07-21T22:37:40.409612+00:00,2,3,4,-45.0,-18.148,12.0,-8.0,-13.0,12.0,35.0,-13.148,12.0
2026-07-21T22:37:41.959976+00:00,2,3,5,-45.0,-17.685,12.0,-8.0,-12.5,12.0,35.0,-12.685,12.0
2026-07-21T22:37:44.293744+00:00,2,3,6,-45.0,-17.222,12.0,-8.0,-12.0,12.0,35.0,-12.222,12.0
2026-07-21T22:37:47.459791+00:00,2,3,7,-45.0,-16.759,12.0,-8.0,-11.5,12.0,35.0,-11.759,12.0
2026-07-21T22:37:50.823057+00:00,2,3,8,-45.0,-16.296,12.0,-8.0,-11.0,12.0,35.0,-11.296,12.0
2026-07-21T22:37:52.410332+00:00,2,3,9,-45.0,-15.833,12.0,-8.0,-10.5,12.0,35.0,-10.833,12.0
2026-07-21T22:37:53.915577+00:00,2,3,10,-45.0,-15.37,12.0,-8.0,-10.0,12.0,35.0,-10.37,12.0
2026-07-21T22:37:55.312783+00:00,2,3,11,-45.0,-14.907,12.0,-8.0,-9.5,12.0,35.0,-9.907,12.0
2026-07-21T22:37:56.919485+00:00,2,3,12,-45.0,-14.444,12.0,-8.0,-9.0,12.0,35.0,-9.444,12.0
2026-07-21T22:37:58.462049+00:00,2,3,13,-45.0,-13.981,12.0,-8.0,-8.5,12.0,35.0,-8.981,12.0
2026-07-21T22:38:00.181418+00:00,2,3,14,-45.0,-13.519,12.0,-8.0,-8.0,12.0,35.0,-8.519,12.0
2026-07-21T22:38:01.638836+00:00,2,3,15,-45.0,-13.056,12.0,-8.0,-7.5,12.0,35.0,-8.056,12.0
2026-07-21T22:38:03.123868+00:00,2,3,16,-45.0,-12.593,12.0,-8.0,-7.0,12.0,35.0,-7.593,12.0
2026-07-21T22:38:05.525878+00:00,2,3,17,-45.0,-12.13,12.0,-8.0,-6.5,12.0,35.0,-7.13,12.0
2026-07-21T22:38:08.031807+00:00,2,3,18,-45.0,-11.667,12.0,-8.0,-6.0,12.0,35.0,-6.667,12.0
2026-07-21T22:38:10.318003+00:00,2,3,19,-45.0,-11.204,12.0,-8.0,-5.5,12.0,35.0,-6.204,12.0
2026-07-21T22:38:12.745428+00:00,2,3,20,-45.0,-10.741,12.0,-8.0,-5.0,12.0,35.0,-5.741,12.0
2026-07-21T22:38:14.338505+00:00,2,3,21,-45.0,-10.278,12.0,-8.0,-4.5,12.0,35.0,-5.278,12.0
2026-07-21T22:38:15.769863+00:00,2,3,22,-45.0,-9.815,12.0,-8.0,-4.0,12.0,35.0,-4.815,12.0
2026-07-21T22:38:17.221649+00:00,2,3,23,-45.0,-9.352,12.0,-8.0,-3.5,12.0,35.0,-4.352,12.0
2026-07-21T22:38:18.784939+00:00,2,3,24,-45.0,-8.889,12.0,-8.0,-3.0,12.0,35.0,-3.889,12.0
2026-07-21T22:38:20.568654+00:00,2,3,25,-45.0,-8.426,12.0,-8.0,-2.5,12.0,35.0,-3.426,12.0
2026-07-21T22:38:22.107379+00:00,2,3,26,-45.0,-7.963,12.0,-8.0,-2.0,12.0,35.0,-2.963,12.0
2026-07-21T22:38:24.647132+00:00,2,3,27,-45.0,-7.5,12.0,-8.0,-1.5,12.0,35.0,-2.5,12.0
2026-07-21T22:38:27.034071+00:00,2,3,28,-45.0,-7.037,12.0,-8.0,-1.0,12.0,35.0,-2.037,12.0
2026-07-21T22:38:29.509879+00:00,2,3,29,-45.0,-6.574,12.0,-8.0,-0.5,12.0,35.0,-1.574,12.0
2026-07-21T22:38:30.971207+00:00,2,3,30,-45.0,-6.111,12.0,-8.0,0.0,12.0,35.0,-1.111,12.0
2026-07-21T22:38:32.581181+00:00,2,3,31,-45.0,-5.648,12.0,-8.0,0.5,12.0,35.0,-0.648,12.0
2026-07-21T22:38:34.875292+00:00,2,3,32,-45.0,-5.185,12.0,-8.0,1.0,12.0,35.0,-0.185,12.0
2026-07-21T22:38:36.510512+00:00,2,3,33,-45.0,-4.722,12.0,-8.0,1.5,12.0,35.0,0.278,12.0
2026-07-21T22:38:39.665601+00:00,2,3,34,-45.0,-4.259,12.0,-8.0,2.0,12.0,35.0,0.741,12.0
2026-07-21T22:38:42.149977+00:00,2,3,35,-45.0,-3.796,12.0,-8.0,2.5,12.0,35.0,1.204,12.0
2026-07-21T22:38:43.776840+00:00,2,3,36,-45.0,-3.333,12.0,-8.0,3.0,12.0,35.0,1.667,12.0
2026-07-21T22:38:45.257866+00:00,2,3,37,-45.0,-2.87,12.0,-8.0,3.5,12.0,35.0,2.13,12.0
2026-07-21T22:38:46.775410+00:00,2,3,38,-45.0,-2.407,12.0,-8.0,4.0,12.0,35.0,2.593,12.0
2026-07-21T22:38:48.182941+00:00,2,3,39,-45.0,-1.944,12.0,-8.0,4.5,12.0,35.0,3.056,12.0
2026-07-21T22:38:50.552417+00:00,2,3,40,-45.0,-1.481,12.0,-8.0,5.0,12.0,35.0,3.519,12.0
2026-07-21T22:38:52.072264+00:00,2,3,41,-45.0,-1.019,12.0,-8.0,5.5,12.0,35.0,3.981,12.0
2026-07-21T22:38:53.605602+00:00,2,3,42,-45.0,-0.556,12.0,-8.0,6.0,12.0,35.0,4.444,12.0
2026-07-21T22:38:55.212737+00:00,2,3,43,-45.0,-0.093,12.0,-8.0,6.5,12.0,35.0,4.907,12.0
2026-07-21T22:38:58.439065+00:00,2,3,44,-45.0,0.37,12.0,-8.0,7.0,12.0,35.0,5.37,12.0
2026-07-21T22:39:00.051284+00:00,2,3,45,-45.0,0.833,12.0,-8.0,7.5,12.0,35.0,5.833,12.0
2026-07-21T22:39:03.258698+00:00,2,3,46,-45.0,1.296,12.0,-8.0,8.0,12.0,35.0,6.296,12.0
2026-07-21T22:39:05.572821+00:00,2,3,47,-45.0,1.759,12.0,-8.0,8.5,12.0,35.0,6.759,12.0
2026-07-21T22:39:07.818183+00:00,2,3,48,-45.0,2.222,12.0,-8.0,9.0,12.0,35.0,7.222,12.0
2026-07-21T22:39:09.401633+00:00,2,3,49,-45.0,2.685,12.0,-8.0,9.5,12.0,35.0,7.685,12.0
2026-07-21T22:39:12.472062+00:00,2,3,50,-45.0,3.148,12.0,-8.0,10.0,12.0,35.0,8.148,12.0
2026-07-21T22:39:14.930095+00:00,2,3,51,-45.0,3.611,12.0,-8.0,10.5,12.0,35.0,8.611,12.0
2026-07-21T22:39:17.484973+00:00,2,3,52,-45.0,4.074,12.0,-8.0,11.0,12.0,35.0,9.074,12.0
2026-07-21T22:39:20.652532+00:00,2,3,53,-45.0,4.537,12.0,-8.0,11.5,12.0,35.0,9.537,12.0
2026-07-21T22:39:22.901867+00:00,2,3,54,-45.0,5.0,12.0,-8.0,12.0,12.0,35.0,10.0,12.0
2026-07-21T22:39:25.301323+00:00,2,4,0,-45.0,5.0,12.0,-8.0,12.0,12.0,35.0,10.0,12.0
2026-07-21T22:39:28.642957+00:00,2,4,1,-44.537,5.0,12.0,-7.519,12.0,12.0,35.463,10.0,12.0
2026-07-21T22:39:30.864298+00:00,2,4,2,-44.074,5.0,12.0,-7.037,12.0,12.0,35.926,10.0,12.0
2026-07-21T22:39:32.641929+00:00,2,4,3,-43.611,5.0,12.0,-6.556,12.0,12.0,36.389,10.0,12.0
2026-07-21T22:39:34.356971+00:00,2,4,4,-43.148,5.0,12.0,-6.074,12.0,12.0,36.852,10.0,12.0
2026-07-21T22:39:37.099828+00:00,2,4,5,-42.685,5.0,12.0,-5.593,12.0,12.0,37.315,10.0,12.0
2026-07-21T22:39:38.679221+00:00,2,4,6,-42.222,5.0,12.0,-5.111,12.0,12.0,37.778,10.0,12.0
2026-07-21T22:39:41.133821+00:00,2,4,7,-41.759,5.0,12.0,-4.63,12.0,12.0,38.241,10.0,12.0
2026-07-21T22:39:42.667172+00:00,2,4,8,-41.296,5.0,12.0,-4.148,12.0,12.0,38.704,10.0,12.0
2026-07-21T22:39:44.173894+00:00,2,4,9,-40.833,5.0,12.0,-3.667,12.0,12.0,39.167,10.0,12.0
2026-07-21T22:39:46.553935+00:00,2,4,10,-40.37,5.0,12.0,-3.185,12.0,12.0,39.63,10.0,12.0
2026-07-21T22:39:47.897510+00:00,2,4,11,-39.907,5.0,12.0,-2.704,12.0,12.0,40.093,10.0,12.0
2026-07-21T22:39:50.165935+00:00,2,4,12,-39.444,5.0,12.0,-2.222,12.0,12.0,40.556,10.0,12.0
2026-07-21T22:39:51.677058+00:00,2,4,13,-38.981,5.0,12.0,-1.741,12.0,12.0,41.019,10.0,12.0
2026-07-21T22:39:54.822751+00:00,2,4,14,-38.519,5.0,12.0,-1.259,12.0,12.0,41.481,10.0,12.0
2026-07-21T22:39:57.143954+00:00,2,4,15,-38.056,5.0,12.0,-0.778,12.0,12.0,41.944,10.0,12.0
2026-07-21T22:39:58.535665+00:00,2,4,16,-37.593,5.0,12.0,-0.296,12.0,12.0,42.407,10.0,12.0
2026-07-21T22:40:00.145958+00:00,2,4,17,-37.13,5.0,12.0,0.185,12.0,12.0,42.87,10.0,12.0
2026-07-21T22:40:01.705647+00:00,2,4,18,-36.667,5.0,12.0,0.667,12.0,12.0,43.333,10.0,12.0
2026-07-21T22:40:03.970973+00:00,2,4,19,-36.204,5.0,12.0,1.148,12.0,12.0,43.796,10.0,12.0
2026-07-21T22:40:07.147559+00:00,2,4,20,-35.741,5.0,12.0,1.63,12.0,12.0,44.259,10.0,12.0
2026-07-21T22:40:08.758221+00:00,2,4,21,-35.278,5.0,12.0,2.111,12.0,12.0,44.722,10.0,12.0
2026-07-21T22:40:10.200506+00:00,2,4,22,-34.815,5.0,12.0,2.593,12.0,12.0,45.185,10.0,12.0
2026-07-21T22:40:11.748978+00:00,2,4,23,-34.352,5.0,12.0,3.074,12.0,12.0,45.648,10.0,12.0
2026-07-21T22:40:14.065599+00:00,2,4,24,-33.889,5.0,12.0,3.556,12.0,12.0,46.111,10.0,12.0
2026-07-21T22:40:15.509964+00:00,2,4,25,-33.426,5.0,12.0,4.037,12.0,12.0,46.574,10.0,12.0
2026-07-21T22:40:17.008257+00:00,2,4,26,-32.963,5.0,12.0,4.519,12.0,12.0,47.037,10.0,12.0
2026-07-21T22:40:19.224685+00:00,2,4,27,-32.5,5.0,12.0,5.0,12.0,12.0,47.5,10.0,12.0
2026-07-21T22:40:20.717594+00:00,2,4,28,-32.037,5.0,12.0,5.481,12.0,12.0,47.963,10.0,12.0
2026-07-21T22:40:23.003747+00:00,2,4,29,-31.574,5.0,12.0,5.963,12.0,12.0,48.426,10.0,12.0
2026-07-21T22:40:25.260963+00:00,2,4,30,-31.111,5.0,12.0,6.444,12.0,12.0,48.889,10.0,12.0
2026-07-21T22:40:27.705610+00:00,2,4,31,-30.648,5.0,12.0,6.926,12.0,12.0,49.352,10.0,12.0
2026-07-21T22:40:30.180559+00:00,2,4,32,-30.185,5.0,12.0,7.407,12.0,12.0,49.815,10.0,12.0
2026-07-21T22:40:33.233771+00:00,2,4,33,-29.722,5.0,12.0,7.889,12.0,12.0,50.278,10.0,12.0
2026-07-21T22:40:34.869994+00:00,2,4,34,-29.259,5.0,12.0,8.37,12.0,12.0,50.741,10.0,12.0
2026-07-21T22:40:37.168926+00:00,2,4,35,-28.796,5.0,12.0,8.852,12.0,12.0,51.204,10.0,12.0
2026-07-21T22:40:38.755077+00:00,2,4,36,-28.333,5.0,12.0,9.333,12.0,12.0,51.667,10.0,12.0
2026-07-21T22:40:40.342875+00:00,2,4,37,-27.87,5.0,12.0,9.815,12.0,12.0,52.13,10.0,12.0
2026-07-21T22:40:41.775978+00:00,2,4,38,-27.407,5.0,12.0,10.296,12.0,12.0,52.593,10.0,12.0
2026-07-21T22:40:43.312541+00:00,2,4,39,-26.944,5.0,12.0,10.778,12.0,12.0,53.056,10.0,12.0
2026-07-21T22:40:45.765073+00:00,2,4,40,-26.481,5.0,12.0,11.259,12.0,12.0,53.519,10.0,12.0
2026-07-21T22:40:48.059886+00:00,2,4,41,-26.019,5.0,12.0,11.741,12.0,12.0,53.981,10.0,12.0
2026-07-21T22:40:50.235397+00:00,2,4,42,-25.556,5.0,12.0,12.222,12.0,12.0,54.444,10.0,12.0
2026-07-21T22:40:52.466050+00:00,2,4,43,-25.093,5.0,12.0,12.704,12.0,12.0,54.907,10.0,12.0
2026-07-21T22:40:54.863332+00:00,2,4,44,-24.63,5.0,12.0,13.185,12.0,12.0,55.37,10.0,12.0
2026-07-21T22:40:57.182788+00:00,2,4,45,-24.167,5.0,12.0,13.667,12.0,12.0,55.833,10.0,12.0
2026-07-21T22:40:58.807949+00:00,2,4,46,-23.704,5.0,12.0,14.148,12.0,12.0,56.296,10.0,12.0
2026-07-21T22:41:01.025926+00:00,2,4,47,-23.241,5.0,12.0,14.63,12.0,12.0,56.759,10.0,12.0
2026-07-21T22:41:02.589970+00:00,2,4,48,-22.778,5.0,12.0,15.111,12.0,12.0,57.222,10.0,12.0
2026-07-21T22:41:04.093838+00:00,2,4,49,-22.315,5.0,12.0,15.593,12.0,12.0,57.685,10.0,12.0
2026-07-21T22:41:06.439613+00:00,2,4,50,-21.852,5.0,12.0,16.074,12.0,12.0,58.148,10.0,12.0
2026-07-21T22:41:08.944451+00:00,2,4,51,-21.389,5.0,12.0,16.556,12.0,12.0,58.611,10.0,12.0
2026-07-21T22:41:10.473599+00:00,2,4,52,-20.926,5.0,12.0,17.037,12.0,12.0,59.074,10.0,12.0
2026-07-21T22:41:11.989426+00:00,2,4,53,-20.463,5.0,12.0,17.519,12.0,12.0,59.537,10.0,12.0
2026-07-21T22:41:13.483138+00:00,2,4,54,-20.0,5.0,12.0,18.0,12.0,12.0,60.0,10.0,12.0
2026-07-21T22:41:14.990612+00:00,2,5,0,-20.0,5.0,12.0,18.0,12.0,12.0,60.0,10.0,12.0
2026-07-21T22:41:16.713648+00:00,2,5,1,-20.0,4.537,12.0,18.0,11.5,12.0,60.0,9.481,12.0
2026-07-21T22:41:18.891793+00:00,2,5,2,-20.0,4.074,12.0,18.0,11.0,12.0,60.0,8.963,12.0
2026-07-21T22:41:20.493611+00:00,2,5,3,-20.0,3.611,12.0,18.0,10.5,12.0,60.0,8.444,12.0
2026-07-21T22:41:22.765590+00:00,2,5,4,-20.0,3.148,12.0,18.0,10.0,12.0,60.0,7.926,12.0
2026-07-21T22:41:25.075341+00:00,2,5,5,-20.0,2.685,12.0,18.0,9.5,12.0,60.0,7.407,12.0
2026-07-21T22:41:27.499454+00:00,2,5,6,-20.0,2.222,12.0,18.0,9.0,12.0,60.0,6.889,12.0
2026-07-21T22:41:28.927444+00:00,2,5,7,-20.0,1.759,12.0,18.0,8.5,12.0,60.0,6.37,12.0
2026-07-21T22:41:30.419260+00:00,2,5,8,-20.0,1.296,12.0,18.0,8.0,12.0,60.0,5.852,12.0
2026-07-21T22:41:31.973886+00:00,2,5,9,-20.0,0.833,12.0,18.0,7.5,12.0,60.0,5.333,12.0
2026-07-21T22:41:34.408401+00:00,2,5,10,-20.0,0.37,12.0,18.0,7.0,12.0,60.0,4.815,12.0
2026-07-21T22:41:35.903308+00:00,2,5,11,-20.0,-0.093,12.0,18.0,6.5,12.0,60.0,4.296,12.0
2026-07-21T22:41:37.419305+00:00,2,5,12,-20.0,-0.556,12.0,18.0,6.0,12.0,60.0,3.778,12.0
2026-07-21T22:41:38.956717+00:00,2,5,13,-20.0,-1.019,12.0,18.0,5.5,12.0,60.0,3.259,12.0
2026-07-21T22:41:41.190377+00:00,2,5,14,-20.0,-1.481,12.0,18.0,5.0,12.0,60.0,2.741,12.0
2026-07-21T22:41:42.687904+00:00,2,5,15,-20.0,-1.944,12.0,18.0,4.5,12.0,60.0,2.222,12.0
2026-07-21T22:41:45.904365+00:00,2,5,16,-20.0,-2.407,12.0,18.0,4.0,12.0,60.0,1.704,12.0
2026-07-21T22:41:47.447787+00:00,2,5,17,-20.0,-2.87,12.0,18.0,3.5,12.0,60.0,1.185,12.0
2026-07-21T22:41:48.907835+00:00,2,5,18,-20.0,-3.333,12.0,18.0,3.0,12.0,60.0,0.667,12.0
2026-07-21T22:41:51.154996+00:00,2,5,19,-20.0,-3.796,12.0,18.0,2.5,12.0,60.0,0.148,12.0
2026-07-21T22:41:52.571416+00:00,2,5,20,-20.0,-4.259,12.0,18.0,2.0,12.0,60.0,-0.37,12.0
2026-07-21T22:41:56.522286+00:00,2,5,21,-20.0,-4.722,12.0,18.0,1.5,12.0,60.0,-0.889,12.0
2026-07-21T22:41:58.931803+00:00,2,5,22,-20.0,-5.185,12.0,18.0,1.0,12.0,60.0,-1.407,12.0
2026-07-21T22:42:01.272904+00:00,2,5,23,-20.0,-5.648,12.0,18.0,0.5,12.0,60.0,-1.926,12.0
2026-07-21T22:42:04.545595+00:00,2,5,24,-20.0,-6.111,12.0,18.0,0.0,12.0,60.0,-2.444,12.0
2026-07-21T22:42:06.153605+00:00,2,5,25,-20.0,-6.574,12.0,18.0,-0.5,12.0,60.0,-2.963,12.0
2026-07-21T22:42:07.681687+00:00,2,5,26,-20.0,-7.037,12.0,18.0,-1.0,12.0,60.0,-3.481,12.0
2026-07-21T22:42:10.014915+00:00,2,5,27,-20.0,-7.5,12.0,18.0,-1.5,12.0,60.0,-4.0,12.0
2026-07-21T22:42:12.499602+00:00,2,5,28,-20.0,-7.963,12.0,18.0,-2.0,12.0,60.0,-4.519,12.0
2026-07-21T22:42:14.667892+00:00,2,5,29,-20.0,-8.426,12.0,18.0,-2.5,12.0,60.0,-5.037,12.0
2026-07-21T22:42:17.032018+00:00,2,5,30,-20.0,-8.889,12.0,18.0,-3.0,12.0,60.0,-5.556,12.0
2026-07-21T22:42:19.473609+00:00,2,5,31,-20.0,-9.352,12.0,18.0,-3.5,12.0,60.0,-6.074,12.0
2026-07-21T22:42:21.673604+00:00,2,5,32,-20.0,-9.815,12.0,18.0,-4.0,12.0,60.0,-6.593,12.0
2026-07-21T22:42:23.244535+00:00,2,5,33,-20.0,-10.278,12.0,18.0,-4.5,12.0,60.0,-7.111,12.0
2026-07-21T22:42:25.514642+00:00,2,5,34,-20.0,-10.741,12.0,18.0,-5.0,12.0,60.0,-7.63,12.0
2026-07-21T22:42:27.021662+00:00,2,5,35,-20.0,-11.204,12.0,18.0,-5.5,12.0,60.0,-8.148,12.0
2026-07-21T22:42:28.551523+00:00,2,5,36,-20.0,-11.667,12.0,18.0,-6.0,12.0,60.0,-8.667,12.0
2026-07-21T22:42:30.845116+00:00,2,5,37,-20.0,-12.13,12.0,18.0,-6.5,12.0,60.0,-9.185,12.0
2026-07-21T22:42:32.305309+00:00,2,5,38,-20.0,-12.593,12.0,18.0,-7.0,12.0,60.0,-9.704,12.0
2026-07-21T22:42:33.998940+00:00,2,5,39,-20.0,-13.056,12.0,18.0,-7.5,12.0,60.0,-10.222,12.0
2026-07-21T22:42:35.441611+00:00,2,5,40,-20.0,-13.519,12.0,18.0,-8.0,12.0,60.0,-10.741,12.0
2026-07-21T22:42:37.775076+00:00,2,5,41,-20.0,-13.981,12.0,18.0,-8.5,12.0,60.0,-11.259,12.0
2026-07-21T22:42:40.146035+00:00,2,5,42,-20.0,-14.444,12.0,18.0,-9.0,12.0,60.0,-11.778,12.0
2026-07-21T22:42:42.389744+00:00,2,5,43,-20.0,-14.907,12.0,18.0,-9.5,12.0,60.0,-12.296,12.0
2026-07-21T22:42:43.849598+00:00,2,5,44,-20.0,-15.37,12.0,18.0,-10.0,12.0,60.0,-12.815,12.0
2026-07-21T22:42:47.101926+00:00,2,5,45,-20.0,-15.833,12.0,18.0,-10.5,12.0,60.0,-13.333,12.0
2026-07-21T22:42:49.387041+00:00,2,5,46,-20.0,-16.296,12.0,18.0,-11.0,12.0,60.0,-13.852,12.0
2026-07-21T22:42:50.865607+00:00,2,5,47,-20.0,-16.759,12.0,18.0,-11.5,12.0,60.0,-14.37,12.0
2026-07-21T22:42:52.569599+00:00,2,5,48,-20.0,-17.222,12.0,18.0,-12.0,12.0,60.0,-14.889,12.0
2026-07-21T22:42:56.682740+00:00,2,5,49,-20.0,-17.685,12.0,18.0,-12.5,12.0,60.0,-15.407,12.0
2026-07-21T22:42:58.267261+00:00,2,5,50,-20.0,-18.148,12.0,18.0,-13.0,12.0,60.0,-15.926,12.0
2026-07-21T22:43:00.498382+00:00,2,5,51,-20.0,-18.611,12.0,18.0,-13.5,12.0,60.0,-16.444,12.0
2026-07-21T22:43:03.526042+00:00,2,5,52,-20.0,-19.074,12.0,18.0,-14.0,12.0,60.0,-16.963,12.0
2026-07-21T22:43:06.611385+00:00,2,5,53,-20.0,-19.537,12.0,18.0,-14.5,12.0,60.0,-17.481,12.0
2026-07-21T22:43:09.065761+00:00,2,5,54,-20.0,-20.0,12.0,18.0,-15.0,12.0,60.0,-18.0,12.0
2026-07-21T22:43:10.572257+00:00,2,6,0,-20.0,-20.0,12.0,18.0,-15.0,12.0,60.0,-18.0,12.0
2026-07-21T22:43:12.878674+00:00,2,6,1,-20.093,-20.333,12.0,17.667,-15.426,12.0,59.352,-18.37,12.0
2026-07-21T22:43:14.319748+00:00,2,6,2,-20.185,-20.667,12.0,17.333,-15.852,12.0,58.704,-18.741,12.0
2026-07-21T22:43:17.419269+00:00,2,6,3,-20.278,-21.0,12.0,17.0,-16.278,12.0,58.056,-19.111,12.0
2026-07-21T22:43:19.693095+00:00,2,6,4,-20.37,-21.333,12.0,16.667,-16.704,12.0,57.407,-19.481,12.0
2026-07-21T22:43:22.088483+00:00,2,6,5,-20.463,-21.667,12.0,16.333,-17.13,12.0,56.759,-19.852,12.0
2026-07-21T22:43:23.535003+00:00,2,6,6,-20.556,-22.0,12.0,16.0,-17.556,12.0,56.111,-20.222,12.0
2026-07-21T22:43:25.871192+00:00,2,6,7,-20.648,-22.333,12.0,15.667,-17.981,12.0,55.463,-20.593,12.0
2026-07-21T22:43:27.373645+00:00,2,6,8,-20.741,-22.667,12.0,15.333,-18.407,12.0,54.815,-20.963,12.0
2026-07-21T22:43:28.783705+00:00,2,6,9,-20.833,-23.0,12.0,15.0,-18.833,12.0,54.167,-21.333,12.0
2026-07-21T22:43:31.885012+00:00,2,6,10,-20.926,-23.333,12.0,14.667,-19.259,12.0,53.519,-21.704,12.0
2026-07-21T22:43:34.956371+00:00,2,6,11,-21.019,-23.667,12.0,14.333,-19.685,12.0,52.87,-22.074,12.0
2026-07-21T22:43:36.642765+00:00,2,6,12,-21.111,-24.0,12.0,14.0,-20.111,12.0,52.222,-22.444,12.0
2026-07-21T22:43:38.237635+00:00,2,6,13,-21.204,-24.333,12.0,13.667,-20.537,12.0,51.574,-22.815,12.0
2026-07-21T22:43:39.610379+00:00,2,6,14,-21.296,-24.667,12.0,13.333,-20.963,12.0,50.926,-23.185,12.0
2026-07-21T22:43:41.153615+00:00,2,6,15,-21.389,-25.0,12.0,13.0,-21.389,12.0,50.278,-23.556,12.0
2026-07-21T22:43:44.446054+00:00,2,6,16,-21.481,-25.333,12.0,12.667,-21.815,12.0,49.63,-23.926,12.0
2026-07-21T22:43:46.736152+00:00,2,6,17,-21.574,-25.667,12.0,12.333,-22.241,12.0,48.981,-24.296,12.0
2026-07-21T22:43:49.022612+00:00,2,6,18,-21.667,-26.0,12.0,12.0,-22.667,12.0,48.333,-24.667,12.0
2026-07-21T22:43:51.262936+00:00,2,6,19,-21.759,-26.333,12.0,11.667,-23.093,12.0,47.685,-25.037,12.0
2026-07-21T22:43:52.683147+00:00,2,6,20,-21.852,-26.667,12.0,11.333,-23.519,12.0,47.037,-25.407,12.0
2026-07-21T22:43:54.866683+00:00,2,6,21,-21.944,-27.0,12.0,11.0,-23.944,12.0,46.389,-25.778,12.0
2026-07-21T22:43:57.195433+00:00,2,6,22,-22.037,-27.333,12.0,10.667,-24.37,12.0,45.741,-26.148,12.0
2026-07-21T22:44:00.458886+00:00,2,6,23,-22.13,-27.667,12.0,10.333,-24.796,12.0,45.093,-26.519,12.0
2026-07-21T22:44:01.891295+00:00,2,6,24,-22.222,-28.0,12.0,10.0,-25.222,12.0,44.444,-26.889,12.0
2026-07-21T22:44:04.242333+00:00,2,6,25,-22.315,-28.333,12.0,9.667,-25.648,12.0,43.796,-27.259,12.0
2026-07-21T22:44:07.465844+00:00,2,6,26,-22.407,-28.667,12.0,9.333,-26.074,12.0,43.148,-27.63,12.0
2026-07-21T22:44:08.898000+00:00,2,6,27,-22.5,-29.0,12.0,9.0,-26.5,12.0,42.5,-28.0,12.0
2026-07-21T22:44:11.299037+00:00,2,6,28,-22.593,-29.333,12.0,8.667,-26.926,12.0,41.852,-28.37,12.0
2026-07-21T22:44:12.873334+00:00,2,6,29,-22.685,-29.667,12.0,8.333,-27.352,12.0,41.204,-28.741,12.0
2026-07-21T22:44:15.193464+00:00,2,6,30,-22.778,-30.0,12.0,8.0,-27.778,12.0,40.556,-29.111,12.0
2026-07-21T22:44:18.481797+00:00,2,6,31,-22.87,-30.333,12.0,7.667,-28.204,12.0,39.907,-29.481,12.0
2026-07-21T22:44:20.763978+00:00,2,6,32,-22.963,-30.667,12.0,7.333,-28.63,12.0,39.259,-29.852,12.0
2026-07-21T22:44:22.917718+00:00,2,6,33,-23.056,-31.0,12.0,7.0,-29.056,12.0,38.611,-30.222,12.0
2026-07-21T22:44:25.932226+00:00,2,6,34,-23.148,-31.333,12.0,6.667,-29.481,12.0,37.963,-30.593,12.0
2026-07-21T22:44:28.374048+00:00,2,6,35,-23.241,-31.667,12.0,6.333,-29.907,12.0,37.315,-30.963,12.0
2026-07-21T22:44:31.538179+00:00,2,6,36,-23.333,-32.0,12.0,6.0,-30.333,12.0,36.667,-31.333,12.0
2026-07-21T22:44:34.698861+00:00,2,6,37,-23.426,-32.333,12.0,5.667,-30.759,12.0,36.019,-31.704,12.0
2026-07-21T22:44:36.975019+00:00,2,6,38,-23.519,-32.667,12.0,5.333,-31.185,12.0,35.37,-32.074,12.0
2026-07-21T22:44:39.309908+00:00,2,6,39,-23.611,-33.0,12.0,5.0,-31.611,12.0,34.722,-32.444,12.0
2026-07-21T22:44:40.805617+00:00,2,6,40,-23.704,-33.333,12.0,4.667,-32.037,12.0,34.074,-32.815,12.0
2026-07-21T22:44:42.260624+00:00,2,6,41,-23.796,-33.667,12.0,4.333,-32.463,12.0,33.426,-33.185,12.0
2026-07-21T22:44:45.309130+00:00,2,6,42,-23.889,-34.0,12.0,4.0,-32.889,12.0,32.778,-33.556,12.0
2026-07-21T22:44:46.813466+00:00,2,6,43,-23.981,-34.333,12.0,3.667,-33.315,12.0,32.13,-33.926,12.0
2026-07-21T22:44:48.259839+00:00,2,6,44,-24.074,-34.667,12.0,3.333,-33.741,12.0,31.481,-34.296,12.0
2026-07-21T22:44:49.708345+00:00,2,6,45,-24.167,-35.0,12.0,3.0,-34.167,12.0,30.833,-34.667,12.0
2026-07-21T22:44:52.899455+00:00,2,6,46,-24.259,-35.333,12.0,2.667,-34.593,12.0,30.185,-35.037,12.0
2026-07-21T22:44:54.433612+00:00,2,6,47,-24.352,-35.667,12.0,2.333,-35.019,12.0,29.537,-35.407,12.0
2026-07-21T22:44:57.646730+00:00,2,6,48,-24.444,-36.0,12.0,2.0,-35.444,12.0,28.889,-35.778,12.0
2026-07-21T22:45:00.874199+00:00,2,6,49,-24.537,-36.333,12.0,1.667,-35.87,12.0,28.241,-36.148,12.0
2026-07-21T22:45:03.941435+00:00,2,6,50,-24.63,-36.667,12.0,1.333,-36.296,12.0,27.593,-36.519,12.0
2026-07-21T22:45:06.141669+00:00,2,6,51,-24.722,-37.0,12.0,1.0,-36.722,12.0,26.944,-36.889,12.0
2026-07-21T22:45:07.617024+00:00,2,6,52,-24.815,-37.333,12.0,0.667,-37.148,12.0,26.296,-37.259,12.0
2026-07-21T22:45:09.206037+00:00,2,6,53,-24.907,-37.667,12.0,0.333,-37.574,12.0,25.648,-37.63,12.0
2026-07-21T22:45:10.798941+00:00,2,6,54,-25.0,-38.0,12.0,0.0,-38.0,12.0,25.0,-38.0,12.0
2026-07-21T22:45:13.020263+00:00,2,7,0,-25.0,-38.0,12.0,0.0,-38.0,12.0,25.0,-38.0,12.0
2026-07-21T22:45:15.321135+00:00,2,7,1,-25.0,-38.0,11.793,0.0,-38.0,11.793,25.0,-38.0,11.793
2026-07-21T22:45:17.605642+00:00,2,7,2,-25.0,-38.0,11.585,0.0,-38.0,11.585,25.0,-38.0,11.585
2026-07-21T22:45:20.769677+00:00,2,7,3,-25.0,-38.0,11.378,0.0,-38.0,11.378,25.0,-38.0,11.378
2026-07-21T22:45:22.202675+00:00,2,7,4,-25.0,-38.0,11.17,0.0,-38.0,11.17,25.0,-38.0,11.17
2026-07-21T22:45:23.682653+00:00,2,7,5,-25.0,-38.0,10.963,0.0,-38.0,10.963,25.0,-38.0,10.963
2026-07-21T22:45:25.240079+00:00,2,7,6,-25.0,-38.0,10.756,0.0,-38.0,10.756,25.0,-38.0,10.756
2026-07-21T22:45:27.617772+00:00,2,7,7,-25.0,-38.0,10.548,0.0,-38.0,10.548,25.0,-38.0,10.548
2026-07-21T22:45:29.118737+00:00,2,7,8,-25.0,-38.0,10.341,0.0,-38.0,10.341,25.0,-38.0,10.341
2026-07-21T22:45:31.361034+00:00,2,7,9,-25.0,-38.0,10.133,0.0,-38.0,10.133,25.0,-38.0,10.133
2026-07-21T22:45:34.398671+00:00,2,7,10,-25.0,-38.0,9.926,0.0,-38.0,9.926,25.0,-38.0,9.926
2026-07-21T22:45:36.589605+00:00,2,7,11,-25.0,-38.0,9.719,0.0,-38.0,9.719,25.0,-38.0,9.719
2026-07-21T22:45:39.858551+00:00,2,7,12,-25.0,-38.0,9.511,0.0,-38.0,9.511,25.0,-38.0,9.511
2026-07-21T22:45:42.069554+00:00,2,7,13,-25.0,-38.0,9.304,0.0,-38.0,9.304,25.0,-38.0,9.304
2026-07-21T22:45:46.168777+00:00,2,7,14,-25.0,-38.0,9.096,0.0,-38.0,9.096,25.0,-38.0,9.096
2026-07-21T22:45:48.523580+00:00,2,7,15,-25.0,-38.0,8.889,0.0,-38.0,8.889,25.0,-38.0,8.889
2026-07-21T22:45:49.978135+00:00,2,7,16,-25.0,-38.0,8.681,0.0,-38.0,8.681,25.0,-38.0,8.681
2026-07-21T22:45:52.288167+00:00,2,7,17,-25.0,-38.0,8.474,0.0,-38.0,8.474,25.0,-38.0,8.474
2026-07-21T22:45:54.437646+00:00,2,7,18,-25.0,-38.0,8.267,0.0,-38.0,8.267,25.0,-38.0,8.267
2026-07-21T22:45:56.696730+00:00,2,7,19,-25.0,-38.0,8.059,0.0,-38.0,8.059,25.0,-38.0,8.059
2026-07-21T22:45:58.257617+00:00,2,7,20,-25.0,-38.0,7.852,0.0,-38.0,7.852,25.0,-38.0,7.852
2026-07-21T22:45:59.927041+00:00,2,7,21,-25.0,-38.0,7.644,0.0,-38.0,7.644,25.0,-38.0,7.644
2026-07-21T22:46:03.135804+00:00,2,7,22,-25.0,-38.0,7.437,0.0,-38.0,7.437,25.0,-38.0,7.437
2026-07-21T22:46:06.358555+00:00,2,7,23,-25.0,-38.0,7.23,0.0,-38.0,7.23,25.0,-38.0,7.23
2026-07-21T22:46:08.616657+00:00,2,7,24,-25.0,-38.0,7.022,0.0,-38.0,7.022,25.0,-38.0,7.022
2026-07-21T22:46:10.938740+00:00,2,7,25,-25.0,-38.0,6.815,0.0,-38.0,6.815,25.0,-38.0,6.815
2026-07-21T22:46:12.476066+00:00,2,7,26,-25.0,-38.0,6.607,0.0,-38.0,6.607,25.0,-38.0,6.607
2026-07-21T22:46:14.770210+00:00,2,7,27,-25.0,-38.0,6.4,0.0,-38.0,6.4,25.0,-38.0,6.4
2026-07-21T22:46:16.256414+00:00,2,7,28,-25.0,-38.0,6.193,0.0,-38.0,6.193,25.0,-38.0,6.193
2026-07-21T22:46:17.745596+00:00,2,7,29,-25.0,-38.0,5.985,0.0,-38.0,5.985,25.0,-38.0,5.985
2026-07-21T22:46:19.212417+00:00,2,7,30,-25.0,-38.0,5.778,0.0,-38.0,5.778,25.0,-38.0,5.778
2026-07-21T22:46:22.376418+00:00,2,7,31,-25.0,-38.0,5.57,0.0,-38.0,5.57,25.0,-38.0,5.57
2026-07-21T22:46:23.841611+00:00,2,7,32,-25.0,-38.0,5.363,0.0,-38.0,5.363,25.0,-38.0,5.363
2026-07-21T22:46:25.498497+00:00,2,7,33,-25.0,-38.0,5.156,0.0,-38.0,5.156,25.0,-38.0,5.156
2026-07-21T22:46:27.022276+00:00,2,7,34,-25.0,-38.0,4.948,0.0,-38.0,4.948,25.0,-38.0,4.948
2026-07-21T22:46:28.497809+00:00,2,7,35,-25.0,-38.0,4.741,0.0,-38.0,4.741,25.0,-38.0,4.741
2026-07-21T22:46:30.845214+00:00,2,7,36,-25.0,-38.0,4.533,0.0,-38.0,4.533,25.0,-38.0,4.533
2026-07-21T22:46:32.399583+00:00,2,7,37,-25.0,-38.0,4.326,0.0,-38.0,4.326,25.0,-38.0,4.326
2026-07-21T22:46:34.814398+00:00,2,7,38,-25.0,-38.0,4.119,0.0,-38.0,4.119,25.0,-38.0,4.119
2026-07-21T22:46:36.967654+00:00,2,7,39,-25.0,-38.0,3.911,0.0,-38.0,3.911,25.0,-38.0,3.911
2026-07-21T22:46:39.363884+00:00,2,7,40,-25.0,-38.0,3.704,0.0,-38.0,3.704,25.0,-38.0,3.704
2026-07-21T22:46:40.889627+00:00,2,7,41,-25.0,-38.0,3.496,0.0,-38.0,3.496,25.0,-38.0,3.496
2026-07-21T22:46:43.037598+00:00,2,7,42,-25.0,-38.0,3.289,0.0,-38.0,3.289,25.0,-38.0,3.289
2026-07-21T22:46:45.142977+00:00,2,7,43,-25.0,-38.0,3.081,0.0,-38.0,3.081,25.0,-38.0,3.081
2026-07-21T22:46:47.409557+00:00,2,7,44,-25.0,-38.0,2.874,0.0,-38.0,2.874,25.0,-38.0,2.874
2026-07-21T22:46:50.593652+00:00,2,7,45,-25.0,-38.0,2.667,0.0,-38.0,2.667,25.0,-38.0,2.667
2026-07-21T22:46:52.794877+00:00,2,7,46,-25.0,-38.0,2.459,0.0,-38.0,2.459,25.0,-38.0,2.459
2026-07-21T22:46:55.908874+00:00,2,7,47,-25.0,-38.0,2.252,0.0,-38.0,2.252,25.0,-38.0,2.252
2026-07-21T22:46:57.582705+00:00,2,7,48,-25.0,-38.0,2.044,0.0,-38.0,2.044,25.0,-38.0,2.044
2026-07-21T22:46:59.014898+00:00,2,7,49,-25.0,-38.0,1.837,0.0,-38.0,1.837,25.0,-38.0,1.837
2026-07-21T22:47:00.595145+00:00,2,7,50,-25.0,-38.0,1.63,0.0,-38.0,1.63,25.0,-38.0,1.63
2026-07-21T22:47:02.093625+00:00,2,7,51,-25.0,-38.0,1.422,0.0,-38.0,1.422,25.0,-38.0,1.422
2026-07-21T22:47:04.440953+00:00,2,7,52,-25.0,-38.0,1.215,0.0,-38.0,1.215,25.0,-38.0,1.215
2026-07-21T22:47:05.868388+00:00,2,7,53,-25.0,-38.0,1.007,0.0,-38.0,1.007,25.0,-38.0,1.007
2026-07-21T22:47:07.297598+00:00,2,7,54,-25.0,-38.0,0.8,0.0,-38.0,0.8,25.0,-38.0,0.8
