timestamp_utc,tick,phase,drone_1_x,drone_1_y,drone_1_z,drone_1_target_x,drone_1_target_y,drone_1_visited_points,drone_2_x,drone_2_y,drone_2_z,drone_2_target_x,drone_2_target_y,drone_2_visited_points,drone_3_x,drone_3_y,drone_3_z,drone_3_target_x,drone_3_target_y,drone_3_visited_points,minimum_3d_separation_m,safety_status
2026-07-22T00:34:18.606877+00:00,1,randomized_autonomous_surveillance,-30.131,-36.92,1.374,-34.0,-5.0,0,0.322,-37.194,1.386,12.0,-8.0,0,30.452,-37.02,1.724,42.0,-12.0,0,30.13,SAFE
2026-07-22T00:34:20.402201+00:00,2,randomized_autonomous_surveillance,-30.262,-35.841,1.748,-34.0,-5.0,0,0.645,-36.388,1.772,12.0,-8.0,0,30.905,-36.04,2.449,42.0,-12.0,0,30.27,SAFE
2026-07-22T00:34:22.217600+00:00,3,randomized_autonomous_surveillance,-30.393,-34.761,2.121,-34.0,-5.0,0,0.967,-35.582,2.157,12.0,-8.0,0,31.357,-35.06,3.173,42.0,-12.0,0,30.41,SAFE
2026-07-22T00:34:23.921616+00:00,4,randomized_autonomous_surveillance,-30.523,-33.681,2.495,-34.0,-5.0,0,1.29,-34.776,2.543,12.0,-8.0,0,31.81,-34.079,3.897,42.0,-12.0,0,30.56,SAFE
2026-07-22T00:34:25.469231+00:00,5,randomized_autonomous_surveillance,-30.654,-32.602,2.869,-34.0,-5.0,0,1.612,-33.97,2.929,12.0,-8.0,0,32.262,-33.099,4.622,42.0,-12.0,0,30.71,SAFE
2026-07-22T00:34:27.236296+00:00,6,randomized_autonomous_surveillance,-30.785,-31.522,3.243,-34.0,-5.0,0,1.935,-33.164,3.315,12.0,-8.0,0,32.714,-32.119,5.346,42.0,-12.0,0,30.86,SAFE
2026-07-22T00:34:31.547301+00:00,7,randomized_autonomous_surveillance,-30.916,-30.442,3.616,-34.0,-5.0,0,2.257,-32.358,3.7,12.0,-8.0,0,33.167,-31.139,6.07,42.0,-12.0,0,31.02,SAFE
2026-07-22T00:34:33.249668+00:00,8,randomized_autonomous_surveillance,-31.047,-29.363,3.99,-34.0,-5.0,0,2.579,-31.552,4.086,12.0,-8.0,0,33.619,-30.159,6.795,42.0,-12.0,0,31.19,SAFE
2026-07-22T00:34:37.696465+00:00,9,randomized_autonomous_surveillance,-31.178,-28.283,4.364,-34.0,-5.0,0,2.902,-30.746,4.472,12.0,-8.0,0,34.071,-29.179,7.519,42.0,-12.0,0,31.36,SAFE
2026-07-22T00:34:39.317600+00:00,10,randomized_autonomous_surveillance,-31.309,-27.203,4.738,-34.0,-5.0,0,3.224,-29.939,4.858,12.0,-8.0,0,34.524,-28.198,8.243,42.0,-12.0,0,31.53,SAFE
2026-07-22T00:34:41.024082+00:00,11,randomized_autonomous_surveillance,-31.44,-26.124,5.111,-34.0,-5.0,0,3.547,-29.133,5.244,12.0,-8.0,0,34.976,-27.218,8.968,42.0,-12.0,0,31.71,SAFE
2026-07-22T00:34:45.492227+00:00,12,randomized_autonomous_surveillance,-31.57,-25.044,5.485,-34.0,-5.0,0,3.869,-28.327,5.629,12.0,-8.0,0,35.429,-26.238,9.692,42.0,-12.0,0,31.89,SAFE
2026-07-22T00:34:49.971929+00:00,13,randomized_autonomous_surveillance,-31.701,-23.964,5.859,-34.0,-5.0,0,4.191,-27.521,6.015,12.0,-8.0,0,35.881,-25.258,10.416,42.0,-12.0,0,32.07,SAFE
2026-07-22T00:34:54.328348+00:00,14,randomized_autonomous_surveillance,-31.832,-22.885,6.233,-34.0,-5.0,0,4.514,-26.715,6.401,12.0,-8.0,0,36.333,-24.278,11.141,42.0,-12.0,0,32.26,SAFE
2026-07-22T00:34:56.018255+00:00,15,randomized_autonomous_surveillance,-31.963,-21.805,6.606,-34.0,-5.0,0,4.836,-25.909,6.787,12.0,-8.0,0,36.786,-23.298,11.865,42.0,-12.0,0,32.46,SAFE
2026-07-22T00:35:00.497051+00:00,16,randomized_autonomous_surveillance,-32.094,-20.725,6.98,-34.0,-5.0,0,5.159,-25.103,7.172,12.0,-8.0,0,37.238,-22.318,12.589,42.0,-12.0,0,32.65,SAFE
2026-07-22T00:35:04.930245+00:00,17,randomized_autonomous_surveillance,-32.225,-19.646,7.354,-34.0,-5.0,0,5.481,-24.297,7.558,12.0,-8.0,0,37.69,-21.337,13.314,42.0,-12.0,0,32.85,SAFE
2026-07-22T00:35:06.566447+00:00,18,randomized_autonomous_surveillance,-32.356,-18.566,7.728,-34.0,-5.0,0,5.804,-23.491,7.944,12.0,-8.0,0,38.143,-20.357,14.038,42.0,-12.0,0,33.06,SAFE
2026-07-22T00:35:08.499216+00:00,19,randomized_autonomous_surveillance,-32.487,-17.486,8.101,-34.0,-5.0,0,6.126,-22.685,8.33,12.0,-8.0,0,38.595,-19.377,14.762,42.0,-12.0,0,33.27,SAFE
2026-07-22T00:35:10.148927+00:00,20,randomized_autonomous_surveillance,-32.617,-16.407,8.475,-34.0,-5.0,0,6.448,-21.879,8.716,12.0,-8.0,0,39.048,-18.397,15.487,42.0,-12.0,0,33.48,SAFE
2026-07-22T00:35:11.752603+00:00,21,randomized_autonomous_surveillance,-32.748,-15.327,8.849,-34.0,-5.0,0,6.771,-21.073,9.101,12.0,-8.0,0,39.5,-17.417,16.211,42.0,-12.0,0,33.69,SAFE
2026-07-22T00:35:13.495199+00:00,22,randomized_autonomous_surveillance,-32.879,-14.247,9.223,-34.0,-5.0,0,7.093,-20.267,9.487,12.0,-8.0,0,39.952,-16.437,16.935,42.0,-12.0,0,33.91,SAFE
2026-07-22T00:35:15.086092+00:00,23,randomized_autonomous_surveillance,-33.01,-13.168,9.596,-34.0,-5.0,0,7.416,-19.461,9.873,12.0,-8.0,0,40.405,-15.457,17.66,42.0,-12.0,0,34.13,SAFE
2026-07-22T00:35:16.689670+00:00,24,randomized_autonomous_surveillance,-33.141,-12.088,9.97,-34.0,-5.0,0,7.738,-18.655,10.259,12.0,-8.0,0,40.857,-14.476,18.384,42.0,-12.0,0,34.36,SAFE
2026-07-22T00:35:18.164276+00:00,25,randomized_autonomous_surveillance,-33.272,-11.008,10.344,-34.0,-5.0,0,8.061,-17.849,10.644,12.0,-8.0,0,41.309,-13.496,19.108,52.0,-25.0,1,34.58,SAFE
2026-07-22T00:35:19.749623+00:00,26,randomized_autonomous_surveillance,-33.403,-9.929,10.718,-34.0,-5.0,0,8.383,-17.043,11.03,12.0,-8.0,0,42.19,-14.443,19.243,52.0,-25.0,1,34.89,SAFE
2026-07-22T00:35:24.346240+00:00,27,randomized_autonomous_surveillance,-33.533,-8.849,11.092,-34.0,-5.0,0,8.705,-16.237,11.416,12.0,-8.0,0,43.07,-15.391,19.377,52.0,-25.0,1,35.28,SAFE
2026-07-22T00:35:25.967865+00:00,28,randomized_autonomous_surveillance,-33.664,-7.769,11.465,-34.0,-5.0,0,9.028,-15.431,11.802,12.0,-8.0,0,43.95,-16.338,19.512,52.0,-25.0,1,35.77,SAFE
2026-07-22T00:35:27.638492+00:00,29,randomized_autonomous_surveillance,-33.795,-6.69,11.839,-30.0,-15.0,1,9.35,-14.624,12.188,12.0,-8.0,0,44.83,-17.285,19.647,52.0,-25.0,1,36.35,SAFE
2026-07-22T00:35:29.362234+00:00,30,randomized_autonomous_surveillance,-33.32,-7.729,11.711,-30.0,-15.0,1,9.673,-13.818,12.573,12.0,-8.0,0,45.71,-18.232,19.781,52.0,-25.0,1,37.02,SAFE
2026-07-22T00:35:31.000172+00:00,31,randomized_autonomous_surveillance,-32.846,-8.769,11.583,-30.0,-15.0,1,9.995,-13.012,12.959,12.0,-8.0,0,46.591,-19.179,19.916,52.0,-25.0,1,37.76,SAFE
2026-07-22T00:35:32.473097+00:00,32,randomized_autonomous_surveillance,-32.371,-9.808,11.455,-30.0,-15.0,1,10.317,-12.206,13.345,12.0,-8.0,0,47.471,-20.126,20.05,52.0,-25.0,1,38.58,SAFE
2026-07-22T00:35:34.126056+00:00,33,randomized_autonomous_surveillance,-31.896,-10.848,11.327,-30.0,-15.0,1,10.64,-11.4,13.731,12.0,-8.0,0,48.351,-21.074,20.185,52.0,-25.0,1,39.46,SAFE
2026-07-22T00:35:35.776106+00:00,34,randomized_autonomous_surveillance,-31.421,-11.888,11.199,-30.0,-15.0,1,10.962,-10.594,14.116,12.0,-8.0,0,49.231,-22.021,20.32,52.0,-25.0,1,40.42,SAFE
2026-07-22T00:35:37.389733+00:00,35,randomized_autonomous_surveillance,-30.947,-12.927,11.071,-30.0,-15.0,1,11.285,-9.788,14.502,12.0,-8.0,0,50.112,-22.968,20.454,52.0,-25.0,1,41.43,SAFE
2026-07-22T00:35:39.066812+00:00,36,randomized_autonomous_surveillance,-30.472,-13.967,10.943,-54.0,-2.0,2,11.607,-8.982,14.888,-6.0,-5.0,1,50.992,-23.915,20.589,54.0,-10.0,2,42.5,SAFE
2026-07-22T00:35:40.788127+00:00,37,randomized_autonomous_surveillance,-31.495,-13.447,11.021,-54.0,-2.0,2,10.684,-8.773,14.971,-6.0,-5.0,1,51.266,-22.647,20.5,54.0,-10.0,2,42.62,SAFE
2026-07-22T00:35:42.495880+00:00,38,randomized_autonomous_surveillance,-32.517,-12.926,11.099,-54.0,-2.0,2,9.761,-8.565,15.054,-6.0,-5.0,1,51.54,-21.38,20.412,54.0,-10.0,2,42.69,SAFE
2026-07-22T00:35:44.172907+00:00,39,randomized_autonomous_surveillance,-33.54,-12.406,11.177,-54.0,-2.0,2,8.838,-8.356,15.138,-6.0,-5.0,1,51.814,-20.112,20.323,54.0,-10.0,2,42.75,SAFE
2026-07-22T00:35:45.788959+00:00,40,randomized_autonomous_surveillance,-34.563,-11.886,11.255,-54.0,-2.0,2,7.915,-8.147,15.221,-6.0,-5.0,1,52.088,-18.844,20.235,54.0,-10.0,2,42.83,SAFE
2026-07-22T00:35:50.427455+00:00,41,randomized_autonomous_surveillance,-35.585,-11.366,11.332,-54.0,-2.0,2,6.992,-7.938,15.304,-6.0,-5.0,1,52.362,-17.577,20.146,54.0,-10.0,2,42.9,SAFE
2026-07-22T00:35:52.246988+00:00,42,randomized_autonomous_surveillance,-36.608,-10.846,11.41,-54.0,-2.0,2,6.069,-7.73,15.387,-6.0,-5.0,1,52.636,-16.309,20.058,54.0,-10.0,2,42.97,SAFE
2026-07-22T00:35:53.796562+00:00,43,randomized_autonomous_surveillance,-37.631,-10.326,11.488,-54.0,-2.0,2,5.146,-7.521,15.471,-6.0,-5.0,1,52.91,-15.041,19.969,54.0,-10.0,2,43.05,SAFE
2026-07-22T00:35:55.430344+00:00,44,randomized_autonomous_surveillance,-38.653,-9.806,11.566,-54.0,-2.0,2,4.223,-7.312,15.554,-6.0,-5.0,1,53.184,-13.773,19.881,54.0,-10.0,2,43.13,SAFE
2026-07-22T00:35:59.861593+00:00,45,randomized_autonomous_surveillance,-39.676,-9.285,11.644,-54.0,-2.0,2,3.3,-7.103,15.637,-6.0,-5.0,1,53.458,-12.506,19.792,54.0,-10.0,2,43.22,SAFE
2026-07-22T00:36:01.441505+00:00,46,randomized_autonomous_surveillance,-40.699,-8.765,11.722,-54.0,-2.0,2,2.377,-6.895,15.72,-6.0,-5.0,1,53.732,-11.238,19.703,34.0,-6.0,3,43.3,SAFE
2026-07-22T00:36:03.000287+00:00,47,randomized_autonomous_surveillance,-41.721,-8.245,11.799,-54.0,-2.0,2,1.454,-6.686,15.804,-6.0,-5.0,1,52.476,-10.905,19.67,34.0,-6.0,3,43.39,SAFE
2026-07-22T00:36:07.459059+00:00,48,randomized_autonomous_surveillance,-42.744,-7.725,11.877,-54.0,-2.0,2,0.531,-6.477,15.887,-6.0,-5.0,1,51.22,-10.571,19.636,34.0,-6.0,3,43.48,SAFE
2026-07-22T00:36:08.845608+00:00,49,randomized_autonomous_surveillance,-43.767,-7.205,11.955,-54.0,-2.0,2,-0.392,-6.268,15.97,-6.0,-5.0,1,49.964,-10.238,19.602,34.0,-6.0,3,43.57,SAFE
2026-07-22T00:36:10.465245+00:00,50,randomized_autonomous_surveillance,-44.789,-6.685,12.033,-54.0,-2.0,2,-1.315,-6.06,16.053,-6.0,-5.0,1,48.708,-9.904,19.568,34.0,-6.0,3,43.66,SAFE
2026-07-22T00:36:11.984251+00:00,51,randomized_autonomous_surveillance,-45.812,-6.164,12.111,-54.0,-2.0,2,-2.238,-5.851,16.137,-6.0,-5.0,1,47.452,-9.571,19.535,34.0,-6.0,3,43.76,SAFE
2026-07-22T00:36:13.537592+00:00,52,randomized_autonomous_surveillance,-46.835,-5.644,12.189,-54.0,-2.0,2,-3.161,-5.642,16.22,-6.0,-5.0,1,46.196,-9.237,19.501,34.0,-6.0,3,43.86,SAFE
2026-07-22T00:36:15.155667+00:00,53,randomized_autonomous_surveillance,-47.857,-5.124,12.266,-54.0,-2.0,2,-4.084,-5.433,16.303,-6.0,-5.0,1,44.94,-8.904,19.467,34.0,-6.0,3,43.96,SAFE
2026-07-22T00:36:16.752370+00:00,54,randomized_autonomous_surveillance,-48.88,-4.604,12.344,-54.0,-2.0,2,-5.007,-5.224,16.386,20.0,-34.0,2,43.684,-8.571,19.433,34.0,-6.0,3,44.06,SAFE
2026-07-22T00:36:18.336175+00:00,55,randomized_autonomous_surveillance,-49.903,-4.084,12.422,-54.0,-2.0,2,-4.384,-5.941,16.404,20.0,-34.0,2,42.428,-8.237,19.4,34.0,-6.0,3,45.73,SAFE
2026-07-22T00:36:19.874876+00:00,56,randomized_autonomous_surveillance,-50.926,-3.564,12.5,-54.0,-2.0,2,-3.761,-6.658,16.422,20.0,-34.0,2,41.172,-7.904,19.366,34.0,-6.0,3,45.05,SAFE
2026-07-22T00:36:21.468565+00:00,57,randomized_autonomous_surveillance,-51.948,-3.044,12.578,-54.0,-2.0,2,-3.138,-7.375,16.44,20.0,-34.0,2,39.916,-7.57,19.332,34.0,-6.0,3,43.15,SAFE
2026-07-22T00:36:23.065428+00:00,58,randomized_autonomous_surveillance,-52.971,-2.523,12.656,-26.0,-28.0,3,-2.515,-8.092,16.457,20.0,-34.0,2,38.66,-7.237,19.298,34.0,-6.0,3,41.28,SAFE
2026-07-22T00:36:24.661600+00:00,59,randomized_autonomous_surveillance,-52.135,-3.313,12.623,-26.0,-28.0,3,-1.892,-8.809,16.475,20.0,-34.0,2,37.404,-6.903,19.264,34.0,-6.0,3,39.44,SAFE
2026-07-22T00:36:26.290396+00:00,60,randomized_autonomous_surveillance,-51.3,-4.102,12.591,-26.0,-28.0,3,-1.269,-9.526,16.493,20.0,-34.0,2,36.148,-6.57,19.231,34.0,-6.0,3,37.63,SAFE
2026-07-22T00:36:27.810221+00:00,61,randomized_autonomous_surveillance,-50.464,-4.892,12.558,-26.0,-28.0,3,-0.646,-10.243,16.51,20.0,-34.0,2,34.891,-6.237,19.197,32.0,7.0,4,35.86,SAFE
2026-07-22T00:36:29.505602+00:00,62,randomized_autonomous_surveillance,-49.628,-5.681,12.526,-26.0,-28.0,3,-0.023,-10.96,16.528,20.0,-34.0,2,34.614,-4.967,19.18,32.0,7.0,4,35.25,SAFE
2026-07-22T00:36:31.040977+00:00,63,randomized_autonomous_surveillance,-48.793,-6.47,12.493,-26.0,-28.0,3,0.6,-11.677,16.546,20.0,-34.0,2,34.337,-3.697,19.164,32.0,7.0,4,34.77,SAFE
2026-07-22T00:36:32.688150+00:00,64,randomized_autonomous_surveillance,-47.957,-7.26,12.461,-26.0,-28.0,3,1.223,-12.394,16.564,20.0,-34.0,2,34.059,-2.427,19.147,32.0,7.0,4,34.41,SAFE
2026-07-22T00:36:37.041703+00:00,65,randomized_autonomous_surveillance,-47.121,-8.049,12.428,-26.0,-28.0,3,1.846,-13.111,16.581,20.0,-34.0,2,33.782,-1.157,19.13,32.0,7.0,4,34.19,SAFE
2026-07-22T00:36:38.630312+00:00,66,randomized_autonomous_surveillance,-46.286,-8.838,12.396,-26.0,-28.0,3,2.469,-13.828,16.599,20.0,-34.0,2,33.504,0.113,19.114,32.0,7.0,4,34.12,SAFE
2026-07-22T00:36:40.321176+00:00,67,randomized_autonomous_surveillance,-45.45,-9.628,12.364,-26.0,-28.0,3,3.092,-14.545,16.617,20.0,-34.0,2,33.227,1.383,19.097,32.0,7.0,4,34.18,SAFE
2026-07-22T00:36:41.905609+00:00,68,randomized_autonomous_surveillance,-44.614,-10.417,12.331,-26.0,-28.0,3,3.715,-15.262,16.634,20.0,-34.0,2,32.95,2.653,19.08,32.0,7.0,4,34.37,SAFE
2026-07-22T00:36:46.323471+00:00,69,randomized_autonomous_surveillance,-43.779,-11.206,12.299,-26.0,-28.0,3,4.338,-15.978,16.652,20.0,-34.0,2,32.672,3.923,19.063,32.0,7.0,4,34.71,SAFE
2026-07-22T00:36:47.881628+00:00,70,randomized_autonomous_surveillance,-42.943,-11.996,12.266,-26.0,-28.0,3,4.961,-16.695,16.67,20.0,-34.0,2,32.395,5.193,19.047,32.0,7.0,4,35.18,SAFE
2026-07-22T00:36:49.520778+00:00,71,randomized_autonomous_surveillance,-42.107,-12.785,12.234,-26.0,-28.0,3,5.584,-17.412,16.687,20.0,-34.0,2,32.117,6.463,19.03,46.0,8.0,5,35.77,SAFE
2026-07-22T00:36:53.865594+00:00,72,randomized_autonomous_surveillance,-41.272,-13.575,12.201,-26.0,-28.0,3,6.208,-18.129,16.705,20.0,-34.0,2,33.409,6.606,19.03,46.0,8.0,5,36.84,SAFE
2026-07-22T00:36:55.407180+00:00,73,randomized_autonomous_surveillance,-40.436,-14.364,12.169,-26.0,-28.0,3,6.831,-18.846,16.723,20.0,-34.0,2,34.702,6.749,19.03,46.0,8.0,5,37.91,SAFE
2026-07-22T00:36:56.943256+00:00,74,randomized_autonomous_surveillance,-39.6,-15.153,12.136,-26.0,-28.0,3,7.454,-19.563,16.741,20.0,-34.0,2,35.994,6.892,19.031,46.0,8.0,5,38.98,SAFE
2026-07-22T00:36:58.541594+00:00,75,randomized_autonomous_surveillance,-38.765,-15.943,12.104,-26.0,-28.0,3,8.077,-20.28,16.758,20.0,-34.0,2,37.286,7.035,19.031,46.0,8.0,5,40.06,SAFE
2026-07-22T00:37:00.021863+00:00,76,randomized_autonomous_surveillance,-37.929,-16.732,12.071,-26.0,-28.0,3,8.7,-20.997,16.776,20.0,-34.0,2,38.578,7.178,19.031,46.0,8.0,5,41.13,SAFE
2026-07-22T00:37:01.548988+00:00,77,randomized_autonomous_surveillance,-37.093,-17.521,12.039,-26.0,-28.0,3,9.323,-21.714,16.794,20.0,-34.0,2,39.87,7.321,19.031,46.0,8.0,5,42.2,SAFE
2026-07-22T00:37:03.157429+00:00,78,randomized_autonomous_surveillance,-36.258,-18.311,12.006,-26.0,-28.0,3,9.946,-22.431,16.811,20.0,-34.0,2,41.162,7.464,19.031,46.0,8.0,5,43.28,SAFE
2026-07-22T00:37:04.740252+00:00,79,randomized_autonomous_surveillance,-35.422,-19.1,11.974,-26.0,-28.0,3,10.569,-23.148,16.829,20.0,-34.0,2,42.454,7.607,19.032,46.0,8.0,5,44.36,SAFE
2026-07-22T00:37:06.249596+00:00,80,randomized_autonomous_surveillance,-34.586,-19.89,11.942,-26.0,-28.0,3,11.192,-23.865,16.847,20.0,-34.0,2,43.746,7.75,19.032,46.0,8.0,5,45.43,SAFE
2026-07-22T00:37:07.914965+00:00,81,randomized_autonomous_surveillance,-33.751,-20.679,11.909,-26.0,-28.0,3,11.815,-24.582,16.864,20.0,-34.0,2,45.038,7.894,19.032,58.0,-34.0,6,46.0,SAFE
2026-07-22T00:37:09.595081+00:00,82,randomized_autonomous_surveillance,-32.915,-21.468,11.877,-26.0,-28.0,3,12.438,-25.299,16.882,20.0,-34.0,2,45.422,6.653,19.085,58.0,-34.0,6,45.79,SAFE
2026-07-22T00:37:11.389603+00:00,83,randomized_autonomous_surveillance,-32.079,-22.258,11.844,-26.0,-28.0,3,13.061,-26.016,16.9,20.0,-34.0,2,45.806,5.412,19.139,58.0,-34.0,6,45.44,SAFE
2026-07-22T00:37:12.941469+00:00,84,randomized_autonomous_surveillance,-31.244,-23.047,11.812,-26.0,-28.0,3,13.684,-26.732,16.918,20.0,-34.0,2,46.19,4.171,19.192,58.0,-34.0,6,44.91,SAFE
2026-07-22T00:37:17.360200+00:00,85,randomized_autonomous_surveillance,-30.408,-23.836,11.779,-26.0,-28.0,3,14.307,-27.449,16.935,20.0,-34.0,2,46.574,2.93,19.245,58.0,-34.0,6,44.38,SAFE
2026-07-22T00:37:24.669285+00:00,86,randomized_autonomous_surveillance,-29.572,-24.626,11.747,-26.0,-28.0,3,14.93,-28.166,16.953,20.0,-34.0,2,46.958,1.689,19.299,58.0,-34.0,6,43.85,SAFE
2026-07-22T00:37:29.137809+00:00,87,randomized_autonomous_surveillance,-28.737,-25.415,11.714,-26.0,-28.0,3,15.553,-28.883,16.971,20.0,-34.0,2,47.342,0.448,19.352,58.0,-34.0,6,43.32,SAFE
2026-07-22T00:37:30.789447+00:00,88,randomized_autonomous_surveillance,-27.901,-26.204,11.682,-26.0,-28.0,3,16.176,-29.6,16.988,20.0,-34.0,2,47.726,-0.793,19.406,58.0,-34.0,6,42.79,SAFE
2026-07-22T00:37:35.273631+00:00,89,randomized_autonomous_surveillance,-27.065,-26.994,11.649,-38.0,-35.0,4,16.799,-30.317,17.006,20.0,-34.0,2,48.11,-2.033,19.459,58.0,-34.0,6,42.26,SAFE
2026-07-22T00:37:36.828077+00:00,90,randomized_autonomous_surveillance,-27.992,-27.673,11.7,-38.0,-35.0,4,17.422,-31.034,17.024,20.0,-34.0,2,48.494,-3.274,19.512,58.0,-34.0,6,41.74,SAFE
2026-07-22T00:37:38.480153+00:00,91,randomized_autonomous_surveillance,-28.919,-28.351,11.751,-38.0,-35.0,4,18.045,-31.751,17.041,20.0,-34.0,2,48.878,-4.515,19.566,58.0,-34.0,6,41.22,SAFE
2026-07-22T00:37:42.960572+00:00,92,randomized_autonomous_surveillance,-29.846,-29.03,11.802,-38.0,-35.0,4,18.669,-32.468,17.059,20.0,-34.0,2,49.261,-5.756,19.619,58.0,-34.0,6,40.69,SAFE
2026-07-22T00:37:47.388150+00:00,93,randomized_autonomous_surveillance,-30.773,-29.709,11.853,-38.0,-35.0,4,19.292,-33.185,17.077,-12.0,4.0,3,49.645,-6.997,19.672,58.0,-34.0,6,40.17,SAFE
2026-07-22T00:37:49.061186+00:00,94,randomized_autonomous_surveillance,-31.7,-30.387,11.904,-38.0,-35.0,4,18.68,-32.458,17.07,-12.0,4.0,3,50.029,-8.238,19.726,58.0,-34.0,6,39.7,SAFE
2026-07-22T00:37:50.533618+00:00,95,randomized_autonomous_surveillance,-32.627,-31.066,11.954,-38.0,-35.0,4,18.068,-31.731,17.064,-12.0,4.0,3,50.413,-9.479,19.779,58.0,-34.0,6,39.35,SAFE
2026-07-22T00:37:52.065600+00:00,96,randomized_autonomous_surveillance,-33.554,-31.745,12.005,-38.0,-35.0,4,17.457,-31.004,17.057,-12.0,4.0,3,50.797,-10.72,19.833,58.0,-34.0,6,39.13,SAFE
2026-07-22T00:37:53.710098+00:00,97,randomized_autonomous_surveillance,-34.481,-32.423,12.056,-38.0,-35.0,4,16.845,-30.277,17.05,-12.0,4.0,3,51.181,-11.96,19.886,58.0,-34.0,6,39.02,SAFE
2026-07-22T00:37:55.384970+00:00,98,randomized_autonomous_surveillance,-35.408,-33.102,12.107,-38.0,-35.0,4,16.233,-29.551,17.044,-12.0,4.0,3,51.565,-13.201,19.939,58.0,-34.0,6,39.04,SAFE
2026-07-22T00:37:57.072180+00:00,99,randomized_autonomous_surveillance,-36.335,-33.781,12.158,-38.0,-35.0,4,15.622,-28.824,17.037,-12.0,4.0,3,51.949,-14.442,19.993,58.0,-34.0,6,39.18,SAFE
2026-07-22T00:37:58.669600+00:00,100,randomized_autonomous_surveillance,-37.262,-34.46,12.209,-53.0,-12.0,5,15.01,-28.097,17.03,-12.0,4.0,3,52.333,-15.683,20.046,58.0,-34.0,6,39.45,SAFE
2026-07-22T00:38:00.205593+00:00,101,randomized_autonomous_surveillance,-37.922,-33.518,12.223,-53.0,-12.0,5,14.398,-27.37,17.024,-12.0,4.0,3,52.717,-16.924,20.099,58.0,-34.0,6,39.84,SAFE
2026-07-22T00:38:01.773297+00:00,102,randomized_autonomous_surveillance,-38.582,-32.576,12.237,-53.0,-12.0,5,13.787,-26.643,17.017,-12.0,4.0,3,53.101,-18.165,20.153,58.0,-34.0,6,40.34,SAFE
2026-07-22T00:38:03.240356+00:00,103,randomized_autonomous_surveillance,-39.242,-31.634,12.252,-53.0,-12.0,5,13.175,-25.916,17.01,-12.0,4.0,3,53.485,-19.406,20.206,58.0,-34.0,6,40.96,SAFE
2026-07-22T00:38:04.749596+00:00,104,randomized_autonomous_surveillance,-39.901,-30.693,12.266,-53.0,-12.0,5,12.563,-25.189,17.004,-12.0,4.0,3,53.868,-20.646,20.26,58.0,-34.0,6,41.68,SAFE
2026-07-22T00:38:09.189649+00:00,105,randomized_autonomous_surveillance,-40.561,-29.751,12.28,-53.0,-12.0,5,11.952,-24.463,16.997,-12.0,4.0,3,54.252,-21.887,20.313,58.0,-34.0,6,42.51,SAFE
2026-07-22T00:38:10.705591+00:00,106,randomized_autonomous_surveillance,-41.221,-28.809,12.295,-53.0,-12.0,5,11.34,-23.736,16.991,-12.0,4.0,3,54.636,-23.128,20.366,58.0,-34.0,6,43.43,SAFE
2026-07-22T00:38:12.252222+00:00,107,randomized_autonomous_surveillance,-41.881,-27.868,12.309,-53.0,-12.0,5,10.728,-23.009,16.984,-12.0,4.0,3,55.02,-24.369,20.42,58.0,-34.0,6,44.45,SAFE
2026-07-22T00:38:13.796266+00:00,108,randomized_autonomous_surveillance,-42.541,-26.926,12.323,-53.0,-12.0,5,10.117,-22.282,16.977,-12.0,4.0,3,55.404,-25.61,20.473,58.0,-34.0,6,45.54,SAFE
2026-07-22T00:38:18.266259+00:00,109,randomized_autonomous_surveillance,-43.201,-25.984,12.338,-53.0,-12.0,5,9.505,-21.555,16.971,-12.0,4.0,3,55.788,-26.851,20.526,58.0,-34.0,6,46.72,SAFE
2026-07-22T00:38:22.619009+00:00,110,randomized_autonomous_surveillance,-43.861,-25.042,12.352,-53.0,-12.0,5,8.893,-20.828,16.964,-12.0,4.0,3,56.172,-28.092,20.58,58.0,-34.0,6,47.97,SAFE
2026-07-22T00:38:29.788237+00:00,111,randomized_autonomous_surveillance,-44.521,-24.101,12.366,-53.0,-12.0,5,8.282,-20.101,16.957,-12.0,4.0,3,56.556,-29.333,20.633,58.0,-34.0,6,49.29,SAFE
2026-07-22T00:38:31.272900+00:00,112,randomized_autonomous_surveillance,-45.181,-23.159,12.381,-53.0,-12.0,5,7.67,-19.375,16.951,-12.0,4.0,3,56.94,-30.573,20.687,58.0,-34.0,6,50.66,SAFE
2026-07-22T00:38:32.795007+00:00,113,randomized_autonomous_surveillance,-45.84,-22.217,12.395,-53.0,-12.0,5,7.058,-18.648,16.944,-12.0,4.0,3,57.324,-31.814,20.74,58.0,-34.0,6,52.1,SAFE
2026-07-22T00:38:34.212859+00:00,114,randomized_autonomous_surveillance,-46.5,-21.275,12.41,-53.0,-12.0,5,6.447,-17.921,16.937,-12.0,4.0,3,57.708,-33.055,20.793,60.0,4.0,7,53.25,SAFE
2026-07-22T00:38:35.931781+00:00,115,randomized_autonomous_surveillance,-47.16,-20.334,12.424,-53.0,-12.0,5,5.835,-17.194,16.931,-12.0,4.0,3,57.788,-31.758,20.769,60.0,4.0,7,53.28,SAFE
2026-07-22T00:38:37.541603+00:00,116,randomized_autonomous_surveillance,-47.82,-19.392,12.438,-53.0,-12.0,5,5.223,-16.467,16.924,-12.0,4.0,3,57.868,-30.461,20.744,60.0,4.0,7,53.31,SAFE
2026-07-22T00:38:39.152666+00:00,117,randomized_autonomous_surveillance,-48.48,-18.45,12.453,-53.0,-12.0,5,4.612,-15.74,16.917,-12.0,4.0,3,57.948,-29.163,20.719,60.0,4.0,7,53.35,SAFE
2026-07-22T00:38:40.773426+00:00,118,randomized_autonomous_surveillance,-49.14,-17.509,12.467,-53.0,-12.0,5,4.0,-15.013,16.911,-12.0,4.0,3,58.029,-27.866,20.694,60.0,4.0,7,53.38,SAFE
2026-07-22T00:38:42.565597+00:00,119,randomized_autonomous_surveillance,-49.8,-16.567,12.481,-53.0,-12.0,5,3.388,-14.287,16.904,-12.0,4.0,3,58.109,-26.569,20.67,60.0,4.0,7,53.42,SAFE
2026-07-22T00:38:44.171095+00:00,120,randomized_autonomous_surveillance,-50.46,-15.625,12.496,-53.0,-12.0,5,2.777,-13.56,16.897,-12.0,4.0,3,58.189,-25.271,20.645,60.0,4.0,7,53.46,SAFE
2026-07-22T00:38:45.766585+00:00,121,randomized_autonomous_surveillance,-51.12,-14.683,12.51,-53.0,-12.0,5,2.165,-12.833,16.891,-12.0,4.0,3,58.269,-23.974,20.62,60.0,4.0,7,53.5,SAFE
2026-07-22T00:38:47.434771+00:00,122,randomized_autonomous_surveillance,-51.78,-13.742,12.524,-53.0,-12.0,5,1.553,-12.106,16.884,-12.0,4.0,3,58.35,-22.677,20.596,60.0,4.0,7,53.54,SAFE
2026-07-22T00:38:48.966815+00:00,123,randomized_autonomous_surveillance,-52.439,-12.8,12.539,-46.0,2.0,6,0.942,-11.379,16.878,-12.0,4.0,3,58.43,-21.38,20.571,60.0,4.0,7,53.58,SAFE
2026-07-22T00:38:56.226319+00:00,124,randomized_autonomous_surveillance,-51.981,-11.746,12.581,-46.0,2.0,6,0.33,-10.652,16.871,-12.0,4.0,3,58.51,-20.082,20.546,60.0,4.0,7,52.5,SAFE
2026-07-22T00:39:00.541202+00:00,125,randomized_autonomous_surveillance,-51.522,-10.692,12.624,-46.0,2.0,6,-0.282,-9.925,16.864,-12.0,4.0,3,58.59,-18.785,20.521,60.0,4.0,7,51.42,SAFE
2026-07-22T00:39:02.189667+00:00,126,randomized_autonomous_surveillance,-51.064,-9.639,12.666,-46.0,2.0,6,-0.893,-9.199,16.858,-12.0,4.0,3,58.671,-17.488,20.497,60.0,4.0,7,50.35,SAFE
2026-07-22T00:39:06.563074+00:00,127,randomized_autonomous_surveillance,-50.605,-8.585,12.709,-46.0,2.0,6,-1.505,-8.472,16.851,-12.0,4.0,3,58.751,-16.19,20.472,60.0,4.0,7,49.28,SAFE
2026-07-22T00:39:08.128194+00:00,128,randomized_autonomous_surveillance,-50.147,-7.531,12.751,-46.0,2.0,6,-2.117,-7.745,16.844,-12.0,4.0,3,58.831,-14.893,20.447,60.0,4.0,7,48.2,SAFE
2026-07-22T00:39:09.849128+00:00,129,randomized_autonomous_surveillance,-49.688,-6.477,12.794,-46.0,2.0,6,-2.728,-7.018,16.838,-12.0,4.0,3,58.911,-13.596,20.422,60.0,4.0,7,47.14,SAFE
2026-07-22T00:39:11.564279+00:00,130,randomized_autonomous_surveillance,-49.23,-5.423,12.836,-46.0,2.0,6,-3.34,-6.291,16.831,-12.0,4.0,3,58.992,-12.299,20.398,60.0,4.0,7,46.07,SAFE
2026-07-22T00:39:13.128551+00:00,131,randomized_autonomous_surveillance,-48.771,-4.37,12.878,-46.0,2.0,6,-3.952,-5.564,16.824,-12.0,4.0,3,59.072,-11.001,20.373,60.0,4.0,7,45.01,SAFE
2026-07-22T00:39:14.616142+00:00,132,randomized_autonomous_surveillance,-48.313,-3.316,12.921,-46.0,2.0,6,-4.563,-4.837,16.818,-12.0,4.0,3,59.152,-9.704,20.348,60.0,4.0,7,43.95,SAFE
2026-07-22T00:39:16.310977+00:00,133,randomized_autonomous_surveillance,-47.854,-2.262,12.963,-46.0,2.0,6,-5.175,-4.11,16.811,-12.0,4.0,3,59.232,-8.407,20.324,60.0,4.0,7,42.89,SAFE
2026-07-22T00:39:17.941599+00:00,134,randomized_autonomous_surveillance,-47.396,-1.208,13.006,-46.0,2.0,6,-5.787,-3.384,16.804,-12.0,4.0,3,59.313,-7.109,20.299,60.0,4.0,7,41.84,SAFE
2026-07-22T00:39:25.099249+00:00,135,randomized_autonomous_surveillance,-46.937,-0.155,13.048,-46.0,2.0,6,-6.398,-2.657,16.798,-12.0,4.0,3,59.393,-5.812,20.274,60.0,4.0,7,40.79,SAFE
2026-07-22T00:39:26.565347+00:00,136,randomized_autonomous_surveillance,-46.479,0.899,13.091,-50.0,-32.0,7,-7.01,-1.93,16.791,-12.0,4.0,3,59.473,-4.515,20.249,60.0,4.0,7,39.74,SAFE
2026-07-22T00:39:30.919122+00:00,137,randomized_autonomous_surveillance,-46.601,-0.243,13.043,-50.0,-32.0,7,-7.622,-1.203,16.785,-12.0,4.0,3,59.554,-3.218,20.225,60.0,4.0,7,39.17,SAFE
2026-07-22T00:39:32.660665+00:00,138,randomized_autonomous_surveillance,-46.723,-1.386,12.995,-50.0,-32.0,7,-8.233,-0.476,16.778,-12.0,4.0,3,59.634,-1.92,20.2,60.0,4.0,7,38.69,SAFE
2026-07-22T00:39:34.309637+00:00,139,randomized_autonomous_surveillance,-46.846,-2.528,12.947,-50.0,-32.0,7,-8.845,0.251,16.771,-12.0,4.0,3,59.714,-0.623,20.175,60.0,4.0,7,38.29,SAFE
2026-07-22T00:39:35.980669+00:00,140,randomized_autonomous_surveillance,-46.968,-3.671,12.899,-50.0,-32.0,7,-9.457,0.978,16.765,-12.0,4.0,3,59.794,0.674,20.15,60.0,4.0,7,38.0,SAFE
2026-07-22T00:39:40.437600+00:00,141,randomized_autonomous_surveillance,-47.09,-4.813,12.851,-50.0,-32.0,7,-10.068,1.704,16.758,-12.0,4.0,3,59.875,1.972,20.126,60.0,4.0,7,37.79,SAFE
2026-07-22T00:39:44.865628+00:00,142,randomized_autonomous_surveillance,-47.213,-5.956,12.803,-50.0,-32.0,7,-10.68,2.431,16.751,-12.0,4.0,3,59.955,3.269,20.101,36.0,-34.0,8,37.69,SAFE
2026-07-22T00:39:46.447877+00:00,143,randomized_autonomous_surveillance,-47.335,-7.098,12.755,-50.0,-32.0,7,-11.292,3.158,16.745,-10.0,-30.0,4,59.252,2.175,20.102,36.0,-34.0,8,37.69,SAFE
2026-07-22T00:39:50.860774+00:00,144,randomized_autonomous_surveillance,-47.457,-8.241,12.707,-50.0,-32.0,7,-11.255,2.209,16.746,-10.0,-30.0,4,58.549,1.082,20.102,36.0,-34.0,8,37.9,SAFE
2026-07-22T00:39:55.260134+00:00,145,randomized_autonomous_surveillance,-47.579,-9.383,12.659,-50.0,-32.0,7,-11.218,1.26,16.747,-10.0,-30.0,4,57.846,-0.012,20.103,36.0,-34.0,8,38.11,SAFE
2026-07-22T00:39:56.885623+00:00,146,randomized_autonomous_surveillance,-47.702,-10.525,12.611,-50.0,-32.0,7,-11.181,0.31,16.749,-10.0,-30.0,4,57.143,-1.106,20.104,36.0,-34.0,8,38.32,SAFE
2026-07-22T00:40:01.285392+00:00,147,randomized_autonomous_surveillance,-47.824,-11.668,12.562,-50.0,-32.0,7,-11.144,-0.639,16.75,-10.0,-30.0,4,56.44,-2.199,20.104,36.0,-34.0,8,38.53,SAFE
2026-07-22T00:40:02.887166+00:00,148,randomized_autonomous_surveillance,-47.946,-12.81,12.514,-50.0,-32.0,7,-11.107,-1.588,16.751,-10.0,-30.0,4,55.737,-3.293,20.105,36.0,-34.0,8,38.74,SAFE
2026-07-22T00:40:04.341601+00:00,149,randomized_autonomous_surveillance,-48.068,-13.953,12.466,-50.0,-32.0,7,-11.07,-2.538,16.753,-10.0,-30.0,4,55.034,-4.386,20.106,36.0,-34.0,8,38.96,SAFE
2026-07-22T00:40:05.898547+00:00,150,randomized_autonomous_surveillance,-48.191,-15.095,12.418,-50.0,-32.0,7,-11.033,-3.487,16.754,-10.0,-30.0,4,54.332,-5.48,20.107,36.0,-34.0,8,39.17,SAFE
2026-07-22T00:40:07.525604+00:00,151,randomized_autonomous_surveillance,-48.313,-16.238,12.37,-50.0,-32.0,7,-10.996,-4.436,16.755,-10.0,-30.0,4,53.629,-6.573,20.107,36.0,-34.0,8,39.38,SAFE
2026-07-22T00:40:09.038541+00:00,152,randomized_autonomous_surveillance,-48.435,-17.38,12.322,-50.0,-32.0,7,-10.959,-5.385,16.757,-10.0,-30.0,4,52.926,-7.667,20.108,36.0,-34.0,8,39.6,SAFE
2026-07-22T00:40:10.633996+00:00,153,randomized_autonomous_surveillance,-48.558,-18.523,12.274,-50.0,-32.0,7,-10.922,-6.335,16.758,-10.0,-30.0,4,52.223,-8.761,20.109,36.0,-34.0,8,39.81,SAFE
2026-07-22T00:40:12.262349+00:00,154,randomized_autonomous_surveillance,-48.68,-19.665,12.226,-50.0,-32.0,7,-10.885,-7.284,16.759,-10.0,-30.0,4,51.52,-9.854,20.109,36.0,-34.0,8,40.03,SAFE
2026-07-22T00:40:13.772309+00:00,155,randomized_autonomous_surveillance,-48.802,-20.808,12.178,-50.0,-32.0,7,-10.848,-8.233,16.761,-10.0,-30.0,4,50.817,-10.948,20.11,36.0,-34.0,8,40.24,SAFE
2026-07-22T00:40:15.373017+00:00,156,randomized_autonomous_surveillance,-48.924,-21.95,12.13,-50.0,-32.0,7,-10.811,-9.183,16.762,-10.0,-30.0,4,50.114,-12.041,20.111,36.0,-34.0,8,40.46,SAFE
2026-07-22T00:40:17.008058+00:00,157,randomized_autonomous_surveillance,-49.047,-23.093,12.082,-50.0,-32.0,7,-10.774,-10.132,16.763,-10.0,-30.0,4,49.411,-13.135,20.112,36.0,-34.0,8,40.68,SAFE
2026-07-22T00:40:18.664711+00:00,158,randomized_autonomous_surveillance,-49.169,-24.235,12.034,-50.0,-32.0,7,-10.737,-11.081,16.765,-10.0,-30.0,4,48.708,-14.229,20.112,36.0,-34.0,8,40.9,SAFE
2026-07-22T00:40:20.332353+00:00,159,randomized_autonomous_surveillance,-49.291,-25.378,11.986,-50.0,-32.0,7,-10.7,-12.03,16.766,-10.0,-30.0,4,48.005,-15.322,20.113,36.0,-34.0,8,41.11,SAFE
2026-07-22T00:40:21.946894+00:00,160,randomized_autonomous_surveillance,-49.414,-26.52,11.938,-50.0,-32.0,7,-10.663,-12.98,16.767,-10.0,-30.0,4,47.302,-16.416,20.114,36.0,-34.0,8,41.33,SAFE
2026-07-22T00:40:23.532852+00:00,161,randomized_autonomous_surveillance,-49.536,-27.663,11.89,-50.0,-32.0,7,-10.626,-13.929,16.769,-10.0,-30.0,4,46.6,-17.509,20.114,36.0,-34.0,8,41.55,SAFE
2026-07-22T00:40:25.194402+00:00,162,randomized_autonomous_surveillance,-49.658,-28.805,11.842,-50.0,-32.0,7,-10.589,-14.878,16.77,-10.0,-30.0,4,45.897,-18.603,20.115,36.0,-34.0,8,41.77,SAFE
2026-07-22T00:40:26.724744+00:00,163,randomized_autonomous_surveillance,-49.78,-29.947,11.794,-50.0,-32.0,7,-10.552,-15.827,16.771,-10.0,-30.0,4,45.194,-19.696,20.116,36.0,-34.0,8,41.99,SAFE
2026-07-22T00:40:28.388110+00:00,164,randomized_autonomous_surveillance,-49.903,-31.09,11.746,-42.0,-24.0,8,-10.515,-16.777,16.773,-10.0,-30.0,4,44.491,-20.79,20.116,36.0,-34.0,8,42.21,SAFE
2026-07-22T00:40:29.956107+00:00,165,randomized_autonomous_surveillance,-49.048,-30.323,11.804,-42.0,-24.0,8,-10.478,-17.726,16.774,-10.0,-30.0,4,43.788,-21.884,20.117,36.0,-34.0,8,40.88,SAFE
2026-07-22T00:40:31.477609+00:00,166,randomized_autonomous_surveillance,-48.193,-29.556,11.863,-42.0,-24.0,8,-10.441,-18.675,16.775,-10.0,-30.0,4,43.085,-22.977,20.118,36.0,-34.0,8,39.59,SAFE
2026-07-22T00:40:33.052585+00:00,167,randomized_autonomous_surveillance,-47.338,-28.789,11.921,-42.0,-24.0,8,-10.404,-19.625,16.777,-10.0,-30.0,4,42.382,-24.071,20.119,36.0,-34.0,8,38.36,SAFE
2026-07-22T00:40:34.762549+00:00,168,randomized_autonomous_surveillance,-46.483,-28.022,11.979,-42.0,-24.0,8,-10.367,-20.574,16.778,-10.0,-30.0,4,41.679,-25.164,20.119,36.0,-34.0,8,37.19,SAFE
2026-07-22T00:40:36.395162+00:00,169,randomized_autonomous_surveillance,-45.628,-27.255,12.037,-42.0,-24.0,8,-10.33,-21.523,16.779,-10.0,-30.0,4,40.976,-26.258,20.12,36.0,-34.0,8,36.07,SAFE
2026-07-22T00:40:37.977597+00:00,170,randomized_autonomous_surveillance,-44.773,-26.488,12.095,-42.0,-24.0,8,-10.293,-22.472,16.78,-10.0,-30.0,4,40.273,-27.351,20.121,36.0,-34.0,8,35.03,SAFE
2026-07-22T00:40:39.532340+00:00,171,randomized_autonomous_surveillance,-43.918,-25.721,12.153,-42.0,-24.0,8,-10.256,-23.422,16.782,-10.0,-30.0,4,39.57,-28.445,20.121,36.0,-34.0,8,34.06,SAFE
2026-07-22T00:40:43.924140+00:00,172,randomized_autonomous_surveillance,-43.063,-24.954,12.212,-53.0,-12.0,9,-10.219,-24.371,16.783,-10.0,-30.0,4,38.868,-29.539,20.122,36.0,-34.0,8,33.17,SAFE
2026-07-22T00:40:45.493583+00:00,173,randomized_autonomous_surveillance,-43.763,-24.042,12.257,-53.0,-12.0,9,-10.182,-25.32,16.784,-10.0,-30.0,4,38.165,-30.632,20.123,36.0,-34.0,8,33.91,SAFE
2026-07-22T00:40:47.131468+00:00,174,randomized_autonomous_surveillance,-44.462,-23.131,12.302,-53.0,-12.0,9,-10.145,-26.27,16.786,-10.0,-30.0,4,37.462,-31.726,20.124,36.0,-34.0,8,34.75,SAFE
2026-07-22T00:40:51.596019+00:00,175,randomized_autonomous_surveillance,-45.162,-22.219,12.347,-53.0,-12.0,9,-10.108,-27.219,16.787,-10.0,-30.0,4,36.759,-32.819,20.124,36.0,-34.0,9,35.69,SAFE
2026-07-22T00:40:56.122255+00:00,176,randomized_autonomous_surveillance,-45.861,-21.307,12.392,-53.0,-12.0,9,-10.071,-28.168,16.788,-10.0,-30.0,4,36.152,-33.763,19.468,32.0,7.0,10,36.71,SAFE
2026-07-22T00:41:00.641703+00:00,177,randomized_autonomous_surveillance,-46.56,-20.395,12.437,-53.0,-12.0,9,-10.034,-29.117,16.79,18.0,6.0,5,36.02,-32.47,19.467,32.0,7.0,10,37.8,SAFE
2026-07-22T00:41:02.133598+00:00,178,randomized_autonomous_surveillance,-47.26,-19.483,12.482,-53.0,-12.0,9,-9.442,-28.375,16.795,18.0,6.0,5,35.889,-31.177,19.466,32.0,7.0,10,39.09,SAFE
2026-07-22T00:41:03.880881+00:00,179,randomized_autonomous_surveillance,-47.959,-18.572,12.528,-53.0,-12.0,9,-8.849,-27.633,16.801,18.0,6.0,5,35.757,-29.883,19.465,32.0,7.0,10,40.37,SAFE
2026-07-22T00:41:05.464593+00:00,180,randomized_autonomous_surveillance,-48.658,-17.66,12.573,-53.0,-12.0,9,-8.256,-26.89,16.806,18.0,6.0,5,35.625,-28.59,19.464,32.0,7.0,10,41.66,SAFE
2026-07-22T00:41:07.174699+00:00,181,randomized_autonomous_surveillance,-49.358,-16.748,12.618,-53.0,-12.0,9,-7.664,-26.148,16.812,18.0,6.0,5,35.493,-27.297,19.463,32.0,7.0,10,42.95,SAFE
2026-07-22T00:41:08.839942+00:00,182,randomized_autonomous_surveillance,-50.057,-15.836,12.663,-53.0,-12.0,9,-7.071,-25.405,16.817,18.0,6.0,5,35.362,-26.003,19.463,32.0,7.0,10,42.52,SAFE
2026-07-22T00:41:13.343687+00:00,183,randomized_autonomous_surveillance,-50.757,-14.925,12.708,-53.0,-12.0,9,-6.478,-24.663,16.823,18.0,6.0,5,35.23,-24.71,19.462,32.0,7.0,10,41.79,SAFE
2026-07-22T00:41:14.909617+00:00,184,randomized_autonomous_surveillance,-51.456,-14.013,12.753,-53.0,-12.0,9,-5.886,-23.92,16.828,18.0,6.0,5,35.098,-23.417,19.461,32.0,7.0,10,41.07,SAFE
2026-07-22T00:41:19.373592+00:00,185,randomized_autonomous_surveillance,-52.155,-13.101,12.798,-26.0,-28.0,10,-5.293,-23.178,16.833,18.0,6.0,5,34.967,-22.123,19.46,32.0,7.0,10,40.36,SAFE
2026-07-22T00:41:21.066998+00:00,186,randomized_autonomous_surveillance,-51.156,-13.67,12.782,-26.0,-28.0,10,-4.7,-22.436,16.839,18.0,6.0,5,34.835,-20.83,19.459,32.0,7.0,10,39.65,SAFE
2026-07-22T00:41:22.608668+00:00,187,randomized_autonomous_surveillance,-50.157,-14.239,12.765,-26.0,-28.0,10,-4.108,-21.693,16.844,18.0,6.0,5,34.703,-19.537,19.458,32.0,7.0,10,38.96,SAFE
2026-07-22T00:41:27.272992+00:00,188,randomized_autonomous_surveillance,-49.158,-14.808,12.748,-26.0,-28.0,10,-3.515,-20.951,16.85,18.0,6.0,5,34.571,-18.244,19.458,32.0,7.0,10,38.27,SAFE
2026-07-22T00:41:29.080253+00:00,189,randomized_autonomous_surveillance,-48.159,-15.378,12.731,-26.0,-28.0,10,-2.922,-20.208,16.855,18.0,6.0,5,34.44,-16.95,19.457,32.0,7.0,10,37.59,SAFE
2026-07-22T00:41:30.641593+00:00,190,randomized_autonomous_surveillance,-47.16,-15.947,12.714,-26.0,-28.0,10,-2.33,-19.466,16.861,18.0,6.0,5,34.308,-15.657,19.456,32.0,7.0,10,36.93,SAFE
2026-07-22T00:41:34.976296+00:00,191,randomized_autonomous_surveillance,-46.161,-16.516,12.697,-26.0,-28.0,10,-1.737,-18.723,16.866,18.0,6.0,5,34.176,-14.364,19.455,32.0,7.0,10,36.27,SAFE
2026-07-22T00:41:36.617607+00:00,192,randomized_autonomous_surveillance,-45.161,-17.085,12.68,-26.0,-28.0,10,-1.144,-17.981,16.872,18.0,6.0,5,34.044,-13.07,19.454,32.0,7.0,10,35.62,SAFE
2026-07-22T00:41:38.136268+00:00,193,randomized_autonomous_surveillance,-44.162,-17.654,12.663,-26.0,-28.0,10,-0.551,-17.239,16.877,18.0,6.0,5,33.913,-11.777,19.453,32.0,7.0,10,34.99,SAFE
2026-07-22T00:41:39.640017+00:00,194,randomized_autonomous_surveillance,-43.163,-18.223,12.646,-26.0,-28.0,10,0.041,-16.496,16.883,18.0,6.0,5,33.781,-10.484,19.452,32.0,7.0,10,34.37,SAFE
2026-07-22T00:41:41.187680+00:00,195,randomized_autonomous_surveillance,-42.164,-18.792,12.629,-26.0,-28.0,10,0.634,-15.754,16.888,18.0,6.0,5,33.649,-9.19,19.452,32.0,7.0,10,33.76,SAFE
2026-07-22T00:41:42.708351+00:00,196,randomized_autonomous_surveillance,-41.165,-19.362,12.612,-26.0,-28.0,10,1.227,-15.011,16.893,18.0,6.0,5,33.517,-7.897,19.451,32.0,7.0,10,33.16,SAFE
2026-07-22T00:41:44.301593+00:00,197,randomized_autonomous_surveillance,-40.166,-19.931,12.595,-26.0,-28.0,10,1.819,-14.269,16.899,18.0,6.0,5,33.386,-6.604,19.45,32.0,7.0,10,32.58,SAFE
2026-07-22T00:41:45.855029+00:00,198,randomized_autonomous_surveillance,-39.167,-20.5,12.578,-26.0,-28.0,10,2.412,-13.526,16.904,18.0,6.0,5,33.254,-5.31,19.449,32.0,7.0,10,32.02,SAFE
2026-07-22T00:41:47.573333+00:00,199,randomized_autonomous_surveillance,-38.167,-21.069,12.561,-26.0,-28.0,10,3.005,-12.784,16.91,18.0,6.0,5,33.122,-4.017,19.448,32.0,7.0,10,31.47,SAFE
2026-07-22T00:41:49.203465+00:00,200,randomized_autonomous_surveillance,-37.168,-21.638,12.544,-26.0,-28.0,10,3.597,-12.042,16.915,18.0,6.0,5,32.99,-2.724,19.447,32.0,7.0,10,30.94,SAFE
2026-07-22T00:41:51.124719+00:00,201,randomized_autonomous_surveillance,-36.169,-22.207,12.527,-26.0,-28.0,10,4.19,-11.299,16.921,18.0,6.0,5,32.859,-1.431,19.447,32.0,7.0,10,30.42,SAFE
2026-07-22T00:41:52.682781+00:00,202,randomized_autonomous_surveillance,-35.17,-22.777,12.51,-26.0,-28.0,10,4.783,-10.557,16.926,18.0,6.0,5,32.727,-0.137,19.446,32.0,7.0,10,29.93,SAFE
2026-07-22T00:41:54.165438+00:00,203,randomized_autonomous_surveillance,-34.171,-23.346,12.494,-26.0,-28.0,10,5.375,-9.814,16.932,18.0,6.0,5,32.595,1.156,19.445,32.0,7.0,10,29.45,SAFE
2026-07-22T00:41:55.745596+00:00,204,randomized_autonomous_surveillance,-33.172,-23.915,12.477,-26.0,-28.0,10,5.968,-9.072,16.937,18.0,6.0,5,32.464,2.449,19.444,32.0,7.0,10,29.0,SAFE
2026-07-22T00:41:57.329600+00:00,205,randomized_autonomous_surveillance,-32.173,-24.484,12.46,-26.0,-28.0,10,6.561,-8.329,16.943,18.0,6.0,5,32.332,3.743,19.443,32.0,7.0,10,28.57,SAFE
2026-07-22T00:41:58.993603+00:00,206,randomized_autonomous_surveillance,-31.173,-25.053,12.443,-26.0,-28.0,10,7.153,-7.587,16.948,18.0,6.0,5,32.2,5.036,19.442,32.0,7.0,10,28.16,SAFE
2026-07-22T00:42:03.502496+00:00,207,randomized_autonomous_surveillance,-30.174,-25.622,12.426,-26.0,-28.0,10,7.746,-6.845,16.954,18.0,6.0,5,32.068,6.329,19.441,58.0,-34.0,11,27.77,SAFE
2026-07-22T00:42:05.170941+00:00,208,randomized_autonomous_surveillance,-29.175,-26.191,12.409,-26.0,-28.0,10,8.339,-6.102,16.959,18.0,6.0,5,32.771,5.236,19.464,58.0,-34.0,11,27.05,SAFE
2026-07-22T00:42:09.681327+00:00,209,randomized_autonomous_surveillance,-28.176,-26.761,12.392,-26.0,-28.0,10,8.931,-5.36,16.964,18.0,6.0,5,33.474,4.143,19.486,58.0,-34.0,11,26.44,SAFE
2026-07-22T00:42:14.188989+00:00,210,randomized_autonomous_surveillance,-27.177,-27.33,12.375,-54.0,-2.0,11,9.524,-4.617,16.97,18.0,6.0,5,34.177,3.049,19.508,58.0,-34.0,11,25.94,SAFE
2026-07-22T00:42:18.682246+00:00,211,randomized_autonomous_surveillance,-28.013,-26.54,12.339,-54.0,-2.0,11,10.117,-3.875,16.975,18.0,6.0,5,34.88,1.956,19.53,58.0,-34.0,11,25.57,SAFE
2026-07-22T00:42:20.454542+00:00,212,randomized_autonomous_surveillance,-28.848,-25.751,12.302,-54.0,-2.0,11,10.71,-3.132,16.981,18.0,6.0,5,35.583,0.863,19.553,58.0,-34.0,11,25.32,SAFE
2026-07-22T00:42:22.030160+00:00,213,randomized_autonomous_surveillance,-29.684,-24.962,12.266,-54.0,-2.0,11,11.302,-2.39,16.986,18.0,6.0,5,36.286,-0.231,19.575,58.0,-34.0,11,25.21,SAFE
2026-07-22T00:42:23.639931+00:00,214,randomized_autonomous_surveillance,-30.52,-24.173,12.23,-54.0,-2.0,11,11.895,-1.648,16.992,18.0,6.0,5,36.989,-1.324,19.597,58.0,-34.0,11,25.23,SAFE
2026-07-22T00:42:28.121600+00:00,215,randomized_autonomous_surveillance,-31.355,-23.384,12.194,-54.0,-2.0,11,12.488,-0.905,16.997,18.0,6.0,5,37.692,-2.417,19.619,58.0,-34.0,11,25.39,SAFE
2026-07-22T00:42:29.761218+00:00,216,randomized_autonomous_surveillance,-32.191,-22.595,12.157,-54.0,-2.0,11,13.08,-0.163,17.003,18.0,6.0,5,38.395,-3.51,19.642,58.0,-34.0,11,25.67,SAFE
2026-07-22T00:42:31.510385+00:00,217,randomized_autonomous_surveillance,-33.027,-21.805,12.121,-54.0,-2.0,11,13.673,0.58,17.008,18.0,6.0,5,39.098,-4.604,19.664,58.0,-34.0,11,26.08,SAFE
2026-07-22T00:42:33.097596+00:00,218,randomized_autonomous_surveillance,-33.862,-21.016,12.085,-54.0,-2.0,11,14.266,1.322,17.014,18.0,6.0,5,39.801,-5.697,19.686,58.0,-34.0,11,26.62,SAFE
2026-07-22T00:42:34.717600+00:00,219,randomized_autonomous_surveillance,-34.698,-20.227,12.049,-54.0,-2.0,11,14.858,2.065,17.019,18.0,6.0,5,40.504,-6.79,19.708,58.0,-34.0,11,27.26,SAFE
2026-07-22T00:42:36.276848+00:00,220,randomized_autonomous_surveillance,-35.534,-19.438,12.012,-54.0,-2.0,11,15.451,2.807,17.025,18.0,6.0,5,41.207,-7.884,19.731,58.0,-34.0,11,28.02,SAFE
2026-07-22T00:42:37.692861+00:00,221,randomized_autonomous_surveillance,-36.37,-18.649,11.976,-54.0,-2.0,11,16.044,3.549,17.03,18.0,6.0,5,41.91,-8.977,19.753,58.0,-34.0,11,28.87,SAFE
2026-07-22T00:42:39.421692+00:00,222,randomized_autonomous_surveillance,-37.205,-17.86,11.94,-54.0,-2.0,11,16.636,4.292,17.035,18.0,6.0,5,42.613,-10.07,19.775,58.0,-34.0,11,29.81,SAFE
2026-07-22T00:42:40.984910+00:00,223,randomized_autonomous_surveillance,-38.041,-17.07,11.904,-54.0,-2.0,11,17.229,5.034,17.041,2.0,8.0,6,43.316,-11.164,19.797,58.0,-34.0,11,30.83,SAFE
2026-07-22T00:42:42.827269+00:00,224,randomized_autonomous_surveillance,-38.877,-16.281,11.867,-54.0,-2.0,11,16.297,5.216,17.011,2.0,8.0,6,44.019,-12.257,19.82,58.0,-34.0,11,32.89,SAFE
2026-07-22T00:42:47.449602+00:00,225,randomized_autonomous_surveillance,-39.712,-15.492,11.831,-54.0,-2.0,11,15.365,5.397,16.981,2.0,8.0,6,44.722,-13.35,19.842,58.0,-34.0,11,34.95,SAFE
2026-07-22T00:42:49.080278+00:00,226,randomized_autonomous_surveillance,-40.548,-14.703,11.795,-54.0,-2.0,11,14.433,5.579,16.951,2.0,8.0,6,45.425,-14.443,19.864,58.0,-34.0,11,37.01,SAFE
2026-07-22T00:42:53.522680+00:00,227,randomized_autonomous_surveillance,-41.384,-13.914,11.758,-54.0,-2.0,11,13.501,5.76,16.921,2.0,8.0,6,46.128,-15.537,19.886,58.0,-34.0,11,39.08,SAFE
2026-07-22T00:42:55.126543+00:00,228,randomized_autonomous_surveillance,-42.219,-13.125,11.722,-54.0,-2.0,11,12.569,5.942,16.891,2.0,8.0,6,46.831,-16.63,19.909,58.0,-34.0,11,41.14,SAFE
2026-07-22T00:42:56.716262+00:00,229,randomized_autonomous_surveillance,-43.055,-12.335,11.686,-54.0,-2.0,11,11.637,6.123,16.861,2.0,8.0,6,47.534,-17.723,19.931,58.0,-34.0,11,43.21,SAFE
2026-07-22T00:42:58.293941+00:00,230,randomized_autonomous_surveillance,-43.891,-11.546,11.65,-54.0,-2.0,11,10.705,6.305,16.831,2.0,8.0,6,48.237,-18.817,19.953,58.0,-34.0,11,45.27,SAFE
2026-07-22T00:43:02.802480+00:00,231,randomized_autonomous_surveillance,-44.727,-10.757,11.613,-54.0,-2.0,11,9.773,6.486,16.801,2.0,8.0,6,48.94,-19.91,19.975,58.0,-34.0,11,47.34,SAFE
2026-07-22T00:43:04.282926+00:00,232,randomized_autonomous_surveillance,-45.562,-9.968,11.577,-54.0,-2.0,11,8.841,6.668,16.771,2.0,8.0,6,49.643,-21.003,19.998,58.0,-34.0,11,49.41,SAFE
2026-07-22T00:43:11.535572+00:00,233,randomized_autonomous_surveillance,-46.398,-9.179,11.541,-54.0,-2.0,11,7.909,6.849,16.74,2.0,8.0,6,50.346,-22.097,20.02,58.0,-34.0,11,51.47,SAFE
2026-07-22T00:43:13.313619+00:00,234,randomized_autonomous_surveillance,-47.234,-8.39,11.505,-54.0,-2.0,11,6.977,7.031,16.71,2.0,8.0,6,51.049,-23.19,20.042,58.0,-34.0,11,53.54,SAFE
2026-07-22T00:43:14.849998+00:00,235,randomized_autonomous_surveillance,-48.069,-7.6,11.468,-54.0,-2.0,11,6.045,7.212,16.68,2.0,8.0,6,51.752,-24.283,20.064,58.0,-34.0,11,55.61,SAFE
2026-07-22T00:43:19.244003+00:00,236,randomized_autonomous_surveillance,-48.905,-6.811,11.432,-54.0,-2.0,11,5.113,7.394,16.65,2.0,8.0,6,52.455,-25.376,20.087,58.0,-34.0,11,56.1,SAFE
2026-07-22T00:43:20.874269+00:00,237,randomized_autonomous_surveillance,-49.741,-6.022,11.396,-54.0,-2.0,11,4.181,7.575,16.62,2.0,8.0,6,53.158,-26.47,20.109,58.0,-34.0,11,55.85,SAFE
2026-07-22T00:43:22.589243+00:00,238,randomized_autonomous_surveillance,-50.576,-5.233,11.36,-54.0,-2.0,11,3.249,7.757,16.59,8.0,-20.0,7,53.861,-27.563,20.131,58.0,-34.0,11,55.62,SAFE
2026-07-22T00:43:24.331319+00:00,239,randomized_autonomous_surveillance,-51.412,-4.444,11.323,-54.0,-2.0,11,3.409,6.822,16.543,8.0,-20.0,7,54.564,-28.656,20.153,58.0,-34.0,11,56.21,SAFE
2026-07-22T00:43:28.781656+00:00,240,randomized_autonomous_surveillance,-52.248,-3.655,11.287,-54.0,-2.0,11,3.569,5.886,16.496,8.0,-20.0,7,55.267,-29.75,20.176,58.0,-34.0,11,56.87,SAFE
2026-07-22T00:43:30.437601+00:00,241,randomized_autonomous_surveillance,-53.084,-2.865,11.251,-42.0,-24.0,12,3.729,4.951,16.449,8.0,-20.0,7,55.97,-30.843,20.198,58.0,-34.0,11,57.58,SAFE
2026-07-22T00:43:32.089641+00:00,242,randomized_autonomous_surveillance,-52.55,-3.884,11.273,-42.0,-24.0,12,3.889,4.016,16.402,8.0,-20.0,7,56.673,-31.936,20.22,58.0,-34.0,11,57.22,SAFE
2026-07-22T00:43:33.764074+00:00,243,randomized_autonomous_surveillance,-52.016,-4.902,11.295,-42.0,-24.0,12,4.049,3.081,16.355,8.0,-20.0,7,57.376,-33.03,20.242,54.0,-10.0,12,56.86,SAFE
2026-07-22T00:43:35.217231+00:00,244,randomized_autonomous_surveillance,-51.482,-5.92,11.317,-42.0,-24.0,12,4.209,2.145,16.308,8.0,-20.0,7,57.188,-31.744,20.294,54.0,-10.0,12,56.49,SAFE
2026-07-22T00:43:36.893323+00:00,245,randomized_autonomous_surveillance,-50.948,-6.938,11.339,-42.0,-24.0,12,4.369,1.21,16.26,8.0,-20.0,7,56.999,-30.459,20.346,54.0,-10.0,12,56.13,SAFE
2026-07-22T00:43:38.429592+00:00,246,randomized_autonomous_surveillance,-50.414,-7.957,11.362,-42.0,-24.0,12,4.529,0.275,16.213,8.0,-20.0,7,56.811,-29.174,20.398,54.0,-10.0,12,55.77,SAFE
2026-07-22T00:43:42.846585+00:00,247,randomized_autonomous_surveillance,-49.88,-8.975,11.384,-42.0,-24.0,12,4.69,-0.66,16.166,8.0,-20.0,7,56.622,-27.889,20.45,54.0,-10.0,12,55.41,SAFE
2026-07-22T00:43:44.378187+00:00,248,randomized_autonomous_surveillance,-49.346,-9.993,11.406,-42.0,-24.0,12,4.85,-1.595,16.119,8.0,-20.0,7,56.434,-26.603,20.503,54.0,-10.0,12,55.04,SAFE
2026-07-22T00:43:46.069338+00:00,249,randomized_autonomous_surveillance,-48.812,-11.011,11.428,-42.0,-24.0,12,5.01,-2.531,16.072,8.0,-20.0,7,56.246,-25.318,20.555,54.0,-10.0,12,54.68,SAFE
2026-07-22T00:43:47.746836+00:00,250,randomized_autonomous_surveillance,-48.278,-12.03,11.45,-42.0,-24.0,12,5.17,-3.466,16.025,8.0,-20.0,7,56.057,-24.033,20.607,54.0,-10.0,12,54.32,SAFE
2026-07-22T00:43:49.171572+00:00,251,randomized_autonomous_surveillance,-47.744,-13.048,11.473,-42.0,-24.0,12,5.33,-4.401,15.978,8.0,-20.0,7,55.869,-22.748,20.659,54.0,-10.0,12,53.96,SAFE
2026-07-22T00:43:50.800855+00:00,252,randomized_autonomous_surveillance,-47.21,-14.066,11.495,-42.0,-24.0,12,5.49,-5.336,15.931,8.0,-20.0,7,55.68,-21.463,20.711,54.0,-10.0,12,52.93,SAFE
2026-07-22T00:43:55.120995+00:00,253,randomized_autonomous_surveillance,-46.676,-15.085,11.517,-42.0,-24.0,12,5.65,-6.272,15.884,8.0,-20.0,7,55.492,-20.177,20.763,54.0,-10.0,12,51.97,SAFE
2026-07-22T00:43:59.408027+00:00,254,randomized_autonomous_surveillance,-46.142,-16.103,11.539,-42.0,-24.0,12,5.81,-7.207,15.836,8.0,-20.0,7,55.304,-18.892,20.815,54.0,-10.0,12,51.1,SAFE
2026-07-22T00:44:03.739147+00:00,255,randomized_autonomous_surveillance,-45.608,-17.121,11.561,-42.0,-24.0,12,5.97,-8.142,15.789,8.0,-20.0,7,55.115,-17.607,20.867,54.0,-10.0,12,50.3,SAFE
2026-07-22T00:44:08.171986+00:00,256,randomized_autonomous_surveillance,-45.074,-18.139,11.583,-42.0,-24.0,12,6.13,-9.077,15.742,8.0,-20.0,7,54.927,-16.322,20.919,54.0,-10.0,12,49.6,SAFE
2026-07-22T00:44:09.826688+00:00,257,randomized_autonomous_surveillance,-44.54,-19.158,11.606,-42.0,-24.0,12,6.29,-10.013,15.695,8.0,-20.0,7,54.738,-15.036,20.971,54.0,-10.0,12,48.99,SAFE
2026-07-22T00:44:14.273598+00:00,258,randomized_autonomous_surveillance,-44.006,-20.176,11.628,-42.0,-24.0,12,6.451,-10.948,15.648,8.0,-20.0,7,54.55,-13.751,21.023,54.0,-10.0,12,48.48,SAFE
2026-07-22T00:44:16.033589+00:00,259,randomized_autonomous_surveillance,-43.472,-21.194,11.65,-42.0,-24.0,12,6.611,-11.883,15.601,8.0,-20.0,7,54.362,-12.466,21.075,54.0,-10.0,12,48.07,SAFE
2026-07-22T00:44:17.743430+00:00,260,randomized_autonomous_surveillance,-42.938,-22.212,11.672,-42.0,-24.0,12,6.771,-12.818,15.554,8.0,-20.0,7,54.173,-11.181,21.127,34.0,-6.0,13,47.76,SAFE
