timestamp_utc,loop,leg,step,tick,phase,drone_1_x,drone_1_y,drone_1_z,drone_1_target_x,drone_1_target_y,drone_2_x,drone_2_y,drone_2_z,drone_2_target_x,drone_2_target_y,drone_3_x,drone_3_y,drone_3_z,drone_3_target_x,drone_3_target_y,minimum_3d_separation_m,safety_status
2026-07-22T00:55:32.273592+00:00,1,1,0,1,safe_continuous_overlapping_surveillance,-52.0,-38.0,13.03,-44.0,-8.0,-28.0,12.0,17.52,36.0,8.0,28.0,-36.0,21.532,62.0,-8.0,55.64,SAFE
2026-07-22T00:55:33.813640+00:00,1,1,1,2,safe_continuous_overlapping_surveillance,-51.992,-37.97,13.06,-44.0,-8.0,-27.935,11.996,17.535,36.0,8.0,28.035,-35.972,21.518,62.0,-8.0,55.64,SAFE
2026-07-22T00:55:35.572719+00:00,1,1,2,3,safe_continuous_overlapping_surveillance,-51.968,-37.88,13.09,-44.0,-8.0,-27.743,11.984,17.548,36.0,8.0,28.136,-35.888,21.502,62.0,-8.0,55.62,SAFE
2026-07-22T00:55:37.173610+00:00,1,1,3,4,safe_continuous_overlapping_surveillance,-51.929,-37.733,13.119,-44.0,-8.0,-27.429,11.964,17.559,36.0,8.0,28.303,-35.75,21.485,62.0,-8.0,55.59,SAFE
2026-07-22T00:55:38.674472+00:00,1,1,4,5,safe_continuous_overlapping_surveillance,-51.875,-37.531,13.148,-44.0,-8.0,-26.999,11.937,17.569,36.0,8.0,28.532,-35.562,21.467,62.0,-8.0,55.55,SAFE
2026-07-22T00:55:40.228709+00:00,1,1,5,6,safe_continuous_overlapping_surveillance,-51.807,-37.276,13.177,-44.0,-8.0,-26.456,11.903,17.578,36.0,8.0,28.821,-35.324,21.447,62.0,-8.0,55.5,SAFE
2026-07-22T00:55:42.096919+00:00,1,1,6,7,safe_continuous_overlapping_surveillance,-51.726,-36.971,13.206,-44.0,-8.0,-25.805,11.863,17.585,36.0,8.0,29.166,-35.04,21.427,62.0,-8.0,55.46,SAFE
2026-07-22T00:55:43.928486+00:00,1,1,7,8,safe_continuous_overlapping_surveillance,-51.632,-36.618,13.234,-44.0,-8.0,-25.052,11.816,17.591,36.0,8.0,29.566,-34.71,21.405,62.0,-8.0,55.42,SAFE
2026-07-22T00:55:45.718935+00:00,1,1,8,9,safe_continuous_overlapping_surveillance,-51.525,-36.22,13.261,-44.0,-8.0,-24.202,11.763,17.596,36.0,8.0,30.018,-34.338,21.383,62.0,-8.0,55.39,SAFE
2026-07-22T00:55:47.460088+00:00,1,1,9,10,safe_continuous_overlapping_surveillance,-51.407,-35.778,13.288,-44.0,-8.0,-23.259,11.704,17.598,36.0,8.0,30.519,-33.926,21.359,62.0,-8.0,55.37,SAFE
2026-07-22T00:55:49.276840+00:00,1,1,10,11,safe_continuous_overlapping_surveillance,-51.279,-35.295,13.314,-44.0,-8.0,-22.229,11.639,17.6,36.0,8.0,31.066,-33.475,21.335,62.0,-8.0,55.36,SAFE
2026-07-22T00:55:51.022549+00:00,1,1,11,12,safe_continuous_overlapping_surveillance,-51.139,-34.773,13.339,-44.0,-8.0,-21.115,11.57,17.6,36.0,8.0,31.658,-32.988,21.309,62.0,-8.0,55.38,SAFE
2026-07-22T00:55:52.789030+00:00,1,1,12,13,safe_continuous_overlapping_surveillance,-50.99,-34.214,13.363,-44.0,-8.0,-19.923,11.495,17.598,36.0,8.0,32.291,-32.466,21.283,62.0,-8.0,55.43,SAFE
2026-07-22T00:55:54.603163+00:00,1,1,13,14,safe_continuous_overlapping_surveillance,-50.832,-33.621,13.387,-44.0,-8.0,-18.658,11.416,17.595,36.0,8.0,32.963,-31.913,21.256,62.0,-8.0,55.51,SAFE
2026-07-22T00:55:56.362135+00:00,1,1,14,15,safe_continuous_overlapping_surveillance,-50.666,-32.996,13.409,-44.0,-8.0,-17.325,11.333,17.59,36.0,8.0,33.671,-31.33,21.229,62.0,-8.0,55.62,SAFE
2026-07-22T00:55:58.096361+00:00,1,1,15,16,safe_continuous_overlapping_surveillance,-50.491,-32.342,13.43,-44.0,-8.0,-15.929,11.246,17.584,36.0,8.0,34.413,-30.719,21.201,62.0,-8.0,55.78,SAFE
2026-07-22T00:55:59.752987+00:00,1,1,16,17,safe_continuous_overlapping_surveillance,-50.309,-31.66,13.451,-44.0,-8.0,-14.474,11.155,17.577,36.0,8.0,35.186,-30.082,21.172,62.0,-8.0,55.98,SAFE
2026-07-22T00:56:01.652429+00:00,1,1,17,18,safe_continuous_overlapping_surveillance,-50.121,-30.952,13.47,-44.0,-8.0,-12.965,11.06,17.568,36.0,8.0,35.987,-29.422,21.144,62.0,-8.0,56.24,SAFE
2026-07-22T00:56:03.400087+00:00,1,1,18,19,safe_continuous_overlapping_surveillance,-49.926,-30.222,13.488,-44.0,-8.0,-11.407,10.963,17.557,36.0,8.0,36.815,-28.741,21.114,62.0,-8.0,56.54,SAFE
2026-07-22T00:56:05.077876+00:00,1,1,19,20,safe_continuous_overlapping_surveillance,-49.726,-29.472,13.505,-44.0,-8.0,-9.806,10.863,17.546,36.0,8.0,37.666,-28.04,21.085,62.0,-8.0,56.89,SAFE
2026-07-22T00:56:06.895282+00:00,1,1,20,21,safe_continuous_overlapping_surveillance,-49.521,-28.703,13.52,-44.0,-8.0,-8.166,10.76,17.532,36.0,8.0,38.537,-27.322,21.055,62.0,-8.0,57.3,SAFE
2026-07-22T00:56:08.691876+00:00,1,1,21,22,safe_continuous_overlapping_surveillance,-49.311,-27.918,13.535,-44.0,-8.0,-6.491,10.656,17.518,36.0,8.0,39.427,-26.59,21.025,62.0,-8.0,57.77,SAFE
2026-07-22T00:56:10.617688+00:00,1,1,22,23,safe_continuous_overlapping_surveillance,-49.098,-27.119,13.548,-44.0,-8.0,-4.787,10.549,17.502,36.0,8.0,40.332,-25.844,20.995,62.0,-8.0,58.07,SAFE
2026-07-22T00:56:12.495959+00:00,1,1,23,24,safe_continuous_overlapping_surveillance,-48.882,-26.309,13.559,-44.0,-8.0,-3.059,10.441,17.485,36.0,8.0,41.25,-25.088,20.965,62.0,-8.0,56.9,SAFE
2026-07-22T00:56:14.423036+00:00,1,1,24,25,safe_continuous_overlapping_surveillance,-48.664,-25.49,13.569,-44.0,-8.0,-1.311,10.332,17.467,36.0,8.0,42.178,-24.324,20.935,62.0,-8.0,55.72,SAFE
2026-07-22T00:56:16.186240+00:00,1,1,25,26,safe_continuous_overlapping_surveillance,-48.444,-24.664,13.578,-44.0,-8.0,0.451,10.222,17.447,36.0,8.0,43.115,-23.553,20.905,62.0,-8.0,54.52,SAFE
2026-07-22T00:56:17.879859+00:00,1,1,26,27,safe_continuous_overlapping_surveillance,-48.222,-23.833,13.585,-44.0,-8.0,2.223,10.111,17.427,36.0,8.0,44.056,-22.777,20.876,62.0,-8.0,53.32,SAFE
2026-07-22T00:56:19.627647+00:00,1,1,27,28,safe_continuous_overlapping_surveillance,-48.0,-23.0,13.591,-44.0,-8.0,4.0,10.0,17.405,36.0,8.0,45.0,-22.0,20.847,62.0,-8.0,52.12,SAFE
2026-07-22T00:56:21.626967+00:00,1,1,28,29,safe_continuous_overlapping_surveillance,-47.778,-22.167,13.596,-44.0,-8.0,5.777,9.889,17.383,36.0,8.0,45.944,-21.223,20.818,62.0,-8.0,50.92,SAFE
2026-07-22T00:56:23.513678+00:00,1,1,29,30,safe_continuous_overlapping_surveillance,-47.556,-21.336,13.598,-44.0,-8.0,7.549,9.778,17.359,36.0,8.0,46.885,-20.447,20.79,62.0,-8.0,49.73,SAFE
2026-07-22T00:56:25.325692+00:00,1,1,30,31,safe_continuous_overlapping_surveillance,-47.336,-20.51,13.6,-44.0,-8.0,9.311,9.668,17.335,36.0,8.0,47.822,-19.676,20.762,62.0,-8.0,48.54,SAFE
2026-07-22T00:56:27.269730+00:00,1,1,31,32,safe_continuous_overlapping_surveillance,-47.118,-19.691,13.6,-44.0,-8.0,11.059,9.559,17.309,36.0,8.0,48.75,-18.912,20.734,62.0,-8.0,47.36,SAFE
2026-07-22T00:56:28.883709+00:00,1,1,32,33,safe_continuous_overlapping_surveillance,-46.902,-18.881,13.598,-44.0,-8.0,12.787,9.451,17.283,36.0,8.0,49.668,-18.156,20.708,62.0,-8.0,46.2,SAFE
2026-07-22T00:56:30.761984+00:00,1,1,33,34,safe_continuous_overlapping_surveillance,-46.689,-18.082,13.595,-44.0,-8.0,14.491,9.344,17.256,36.0,8.0,50.573,-17.41,20.682,62.0,-8.0,45.05,SAFE
2026-07-22T00:56:32.647570+00:00,1,1,34,35,safe_continuous_overlapping_surveillance,-46.479,-17.297,13.59,-44.0,-8.0,16.166,9.24,17.229,36.0,8.0,51.463,-16.678,20.657,62.0,-8.0,43.92,SAFE
2026-07-22T00:56:34.429614+00:00,1,1,35,36,safe_continuous_overlapping_surveillance,-46.274,-16.528,13.584,-44.0,-8.0,17.806,9.137,17.201,36.0,8.0,52.334,-15.96,20.633,62.0,-8.0,42.82,SAFE
2026-07-22T00:56:36.236383+00:00,1,1,36,37,safe_continuous_overlapping_surveillance,-46.074,-15.778,13.577,-44.0,-8.0,19.407,9.037,17.172,36.0,8.0,53.185,-15.259,20.61,62.0,-8.0,41.75,SAFE
2026-07-22T00:56:38.105649+00:00,1,1,37,38,safe_continuous_overlapping_surveillance,-45.879,-15.048,13.568,-44.0,-8.0,20.965,8.94,17.144,36.0,8.0,54.013,-14.578,20.587,62.0,-8.0,40.71,SAFE
2026-07-22T00:56:39.893211+00:00,1,1,38,39,safe_continuous_overlapping_surveillance,-45.691,-14.34,13.557,-44.0,-8.0,22.474,8.845,17.114,36.0,8.0,54.814,-13.918,20.566,62.0,-8.0,39.7,SAFE
2026-07-22T00:56:41.824926+00:00,1,1,39,40,safe_continuous_overlapping_surveillance,-45.509,-13.658,13.546,-44.0,-8.0,23.929,8.754,17.085,36.0,8.0,55.587,-13.281,20.546,62.0,-8.0,38.73,SAFE
2026-07-22T00:56:43.665664+00:00,1,1,40,41,safe_continuous_overlapping_surveillance,-45.334,-13.004,13.532,-44.0,-8.0,25.325,8.667,17.055,36.0,8.0,56.329,-12.67,20.527,62.0,-8.0,37.8,SAFE
2026-07-22T00:56:45.357714+00:00,1,1,41,42,safe_continuous_overlapping_surveillance,-45.168,-12.379,13.518,-44.0,-8.0,26.658,8.584,17.025,36.0,8.0,57.037,-12.087,20.509,62.0,-8.0,36.91,SAFE
2026-07-22T00:56:47.141623+00:00,1,1,42,43,safe_continuous_overlapping_surveillance,-45.01,-11.786,13.502,-44.0,-8.0,27.923,8.505,16.995,36.0,8.0,57.709,-11.534,20.492,62.0,-8.0,36.07,SAFE
2026-07-22T00:56:48.853630+00:00,1,1,43,44,safe_continuous_overlapping_surveillance,-44.861,-11.227,13.485,-44.0,-8.0,29.115,8.43,16.965,36.0,8.0,58.342,-11.012,20.477,62.0,-8.0,35.28,SAFE
2026-07-22T00:56:50.565656+00:00,1,1,44,45,safe_continuous_overlapping_surveillance,-44.721,-10.705,13.467,-44.0,-8.0,30.229,8.361,16.935,36.0,8.0,58.934,-10.525,20.463,62.0,-8.0,34.54,SAFE
2026-07-22T00:56:52.254455+00:00,1,1,45,46,safe_continuous_overlapping_surveillance,-44.593,-10.222,13.447,-44.0,-8.0,31.259,8.296,16.905,36.0,8.0,59.481,-10.074,20.45,62.0,-8.0,33.86,SAFE
2026-07-22T00:56:54.189630+00:00,1,1,46,47,safe_continuous_overlapping_surveillance,-44.475,-9.78,13.427,-44.0,-8.0,32.202,8.237,16.876,36.0,8.0,59.982,-9.662,20.439,62.0,-8.0,33.24,SAFE
2026-07-22T00:56:55.919077+00:00,1,1,47,48,safe_continuous_overlapping_surveillance,-44.368,-9.382,13.405,-44.0,-8.0,33.052,8.184,16.847,36.0,8.0,60.434,-9.29,20.429,62.0,-8.0,32.68,SAFE
2026-07-22T00:56:57.729637+00:00,1,1,48,49,safe_continuous_overlapping_surveillance,-44.274,-9.029,13.383,-44.0,-8.0,33.805,8.137,16.818,36.0,8.0,60.834,-8.96,20.421,62.0,-8.0,32.18,SAFE
2026-07-22T00:56:59.703465+00:00,1,1,49,50,safe_continuous_overlapping_surveillance,-44.193,-8.724,13.359,-44.0,-8.0,34.456,8.097,16.79,36.0,8.0,61.179,-8.676,20.413,62.0,-8.0,31.76,SAFE
2026-07-22T00:57:01.561914+00:00,1,1,50,51,safe_continuous_overlapping_surveillance,-44.125,-8.469,13.335,-44.0,-8.0,34.999,8.063,16.762,36.0,8.0,61.468,-8.438,20.408,62.0,-8.0,31.4,SAFE
2026-07-22T00:57:03.273940+00:00,1,1,51,52,safe_continuous_overlapping_surveillance,-44.071,-8.267,13.309,-44.0,-8.0,35.429,8.036,16.734,36.0,8.0,61.697,-8.25,20.404,62.0,-8.0,31.12,SAFE
2026-07-22T00:57:05.177616+00:00,1,1,52,53,safe_continuous_overlapping_surveillance,-44.032,-8.12,13.283,-44.0,-8.0,35.743,8.016,16.708,36.0,8.0,61.864,-8.112,20.401,62.0,-8.0,30.92,SAFE
2026-07-22T00:57:06.853926+00:00,1,1,53,54,safe_continuous_overlapping_surveillance,-44.008,-8.03,13.256,-44.0,-8.0,35.935,8.004,16.682,36.0,8.0,61.965,-8.028,20.4,62.0,-8.0,30.8,SAFE
2026-07-22T00:57:08.597554+00:00,1,1,54,55,safe_continuous_overlapping_surveillance,-44.0,-8.0,13.229,-44.0,-8.0,36.0,8.0,16.657,36.0,8.0,62.0,-8.0,20.4,62.0,-8.0,30.76,SAFE
2026-07-22T00:57:10.396181+00:00,1,2,0,56,safe_continuous_overlapping_surveillance,-44.0,-8.0,13.201,-18.0,10.0,36.0,8.0,16.633,-34.0,-28.0,62.0,-8.0,20.402,34.0,12.0,30.76,SAFE
2026-07-22T00:57:12.142849+00:00,1,2,1,57,safe_continuous_overlapping_surveillance,-43.974,-7.982,13.172,-18.0,10.0,35.929,7.963,16.61,-34.0,-28.0,61.972,-7.98,20.406,34.0,12.0,30.77,SAFE
2026-07-22T00:57:14.000961+00:00,1,2,2,58,safe_continuous_overlapping_surveillance,-43.896,-7.928,13.144,-18.0,10.0,35.719,7.856,16.587,-34.0,-28.0,61.888,-7.92,20.411,34.0,12.0,30.79,SAFE
2026-07-22T00:57:15.720205+00:00,1,2,3,59,safe_continuous_overlapping_surveillance,-43.768,-7.84,13.114,-18.0,10.0,35.376,7.679,16.566,-34.0,-28.0,61.75,-7.822,20.417,34.0,12.0,30.83,SAFE
2026-07-22T00:57:17.393655+00:00,1,2,4,60,safe_continuous_overlapping_surveillance,-43.593,-7.718,13.085,-18.0,10.0,34.905,7.437,16.546,-34.0,-28.0,61.562,-7.687,20.425,34.0,12.0,30.89,SAFE
2026-07-22T00:57:19.182567+00:00,1,2,5,61,safe_continuous_overlapping_surveillance,-43.373,-7.566,13.055,-18.0,10.0,34.311,7.131,16.527,-34.0,-28.0,61.324,-7.517,20.434,34.0,12.0,30.98,SAFE
2026-07-22T00:57:21.141616+00:00,1,2,6,62,safe_continuous_overlapping_surveillance,-43.108,-7.383,13.025,-18.0,10.0,33.599,6.765,16.509,-34.0,-28.0,61.04,-7.314,20.445,34.0,12.0,31.09,SAFE
2026-07-22T00:57:22.770531+00:00,1,2,7,63,safe_continuous_overlapping_surveillance,-42.803,-7.171,12.995,-18.0,10.0,32.776,6.342,16.492,-34.0,-28.0,60.71,-7.079,20.457,34.0,12.0,31.24,SAFE
2026-07-22T00:57:24.635317+00:00,1,2,8,64,safe_continuous_overlapping_surveillance,-42.457,-6.932,12.965,-18.0,10.0,31.846,5.864,16.477,-34.0,-28.0,60.338,-6.813,20.47,34.0,12.0,31.44,SAFE
2026-07-22T00:57:26.481627+00:00,1,2,9,65,safe_continuous_overlapping_surveillance,-42.074,-6.667,12.935,-18.0,10.0,30.815,5.333,16.463,-34.0,-28.0,59.926,-6.519,20.485,34.0,12.0,31.69,SAFE
2026-07-22T00:57:28.266317+00:00,1,2,10,66,safe_continuous_overlapping_surveillance,-41.655,-6.377,12.905,-18.0,10.0,29.687,4.754,16.45,-34.0,-28.0,59.475,-6.196,20.501,34.0,12.0,31.99,SAFE
2026-07-22T00:57:30.093004+00:00,1,2,11,67,safe_continuous_overlapping_surveillance,-41.203,-6.064,12.876,-18.0,10.0,28.469,4.127,16.439,-34.0,-28.0,58.988,-5.848,20.518,34.0,12.0,32.37,SAFE
2026-07-22T00:57:31.924461+00:00,1,2,12,68,safe_continuous_overlapping_surveillance,-40.719,-5.728,12.847,-18.0,10.0,27.166,3.457,16.429,-34.0,-28.0,58.466,-5.476,20.536,34.0,12.0,32.81,SAFE
2026-07-22T00:57:33.818904+00:00,1,2,13,69,safe_continuous_overlapping_surveillance,-40.205,-5.373,12.818,-18.0,10.0,25.783,2.745,16.421,-34.0,-28.0,57.913,-5.081,20.556,34.0,12.0,33.33,SAFE
2026-07-22T00:57:35.629632+00:00,1,2,14,70,safe_continuous_overlapping_surveillance,-39.663,-4.998,12.79,-18.0,10.0,24.324,1.995,16.413,-34.0,-28.0,57.33,-4.664,20.577,34.0,12.0,33.93,SAFE
2026-07-22T00:57:37.258251+00:00,1,2,15,71,safe_continuous_overlapping_surveillance,-39.096,-4.605,12.762,-18.0,10.0,22.797,1.21,16.408,-34.0,-28.0,56.719,-4.228,20.598,34.0,12.0,34.61,SAFE
2026-07-22T00:57:38.953630+00:00,1,2,16,72,safe_continuous_overlapping_surveillance,-38.505,-4.196,12.734,-18.0,10.0,21.206,0.391,16.404,-34.0,-28.0,56.082,-3.773,20.621,34.0,12.0,35.38,SAFE
2026-07-22T00:57:43.031886+00:00,1,2,17,73,safe_continuous_overlapping_surveillance,-37.892,-3.771,12.708,-18.0,10.0,19.555,-0.457,16.401,-34.0,-28.0,55.422,-3.302,20.645,34.0,12.0,36.23,SAFE
2026-07-22T00:57:44.657604+00:00,1,2,18,74,safe_continuous_overlapping_surveillance,-37.259,-3.333,12.682,-18.0,10.0,17.852,-1.333,16.4,-34.0,-28.0,54.741,-2.815,20.67,34.0,12.0,37.16,SAFE
2026-07-22T00:57:46.464901+00:00,1,2,19,75,safe_continuous_overlapping_surveillance,-36.609,-2.883,12.657,-18.0,10.0,16.1,-2.234,16.4,-34.0,-28.0,54.04,-2.314,20.695,34.0,12.0,38.18,SAFE
2026-07-22T00:57:48.244644+00:00,1,2,20,76,safe_continuous_overlapping_surveillance,-35.942,-2.422,12.633,-18.0,10.0,14.306,-3.157,16.402,-34.0,-28.0,53.322,-1.802,20.721,34.0,12.0,39.28,SAFE
2026-07-22T00:57:50.045390+00:00,1,2,21,77,safe_continuous_overlapping_surveillance,-35.262,-1.951,12.61,-18.0,10.0,12.475,-4.099,16.406,-34.0,-28.0,52.59,-1.278,20.748,34.0,12.0,40.45,SAFE
2026-07-22T00:57:51.802042+00:00,1,2,22,78,safe_continuous_overlapping_surveillance,-34.57,-1.471,12.587,-18.0,10.0,10.611,-5.057,16.411,-34.0,-28.0,51.844,-0.746,20.776,34.0,12.0,41.69,SAFE
2026-07-22T00:57:53.654698+00:00,1,2,23,79,safe_continuous_overlapping_surveillance,-33.868,-0.985,12.566,-18.0,10.0,8.721,-6.029,16.417,-34.0,-28.0,51.088,-0.206,20.804,34.0,12.0,42.99,SAFE
2026-07-22T00:57:55.361607+00:00,1,2,24,80,safe_continuous_overlapping_surveillance,-33.158,-0.494,12.546,-18.0,10.0,6.809,-7.012,16.425,-34.0,-28.0,50.324,0.34,20.832,34.0,12.0,40.68,SAFE
2026-07-22T00:57:57.294993+00:00,1,2,25,81,safe_continuous_overlapping_surveillance,-32.442,0.002,12.527,-18.0,10.0,4.882,-8.004,16.434,-34.0,-28.0,49.553,0.891,20.861,34.0,12.0,38.37,SAFE
2026-07-22T00:57:59.040962+00:00,1,2,26,82,safe_continuous_overlapping_surveillance,-31.722,0.5,12.509,-18.0,10.0,2.944,-9.0,16.445,-34.0,-28.0,48.777,1.445,20.891,34.0,12.0,36.16,SAFE
2026-07-22T00:58:00.839161+00:00,1,2,27,83,safe_continuous_overlapping_surveillance,-31.0,1.0,12.492,-18.0,10.0,1.0,-10.0,16.457,-34.0,-28.0,48.0,2.0,20.92,34.0,12.0,34.07,SAFE
2026-07-22T00:58:02.642571+00:00,1,2,28,84,safe_continuous_overlapping_surveillance,-30.278,1.5,12.477,-18.0,10.0,-0.944,-11.0,16.47,-34.0,-28.0,47.223,2.555,20.95,34.0,12.0,32.14,SAFE
2026-07-22T00:58:04.517005+00:00,1,2,29,85,safe_continuous_overlapping_surveillance,-29.558,1.998,12.463,-18.0,10.0,-2.882,-11.996,16.485,-34.0,-28.0,46.447,3.109,20.98,34.0,12.0,30.39,SAFE
2026-07-22T00:58:06.375129+00:00,1,2,30,86,safe_continuous_overlapping_surveillance,-28.842,2.494,12.45,-18.0,10.0,-4.809,-12.988,16.501,-34.0,-28.0,45.676,3.66,21.01,34.0,12.0,28.87,SAFE
2026-07-22T00:58:08.293641+00:00,1,2,31,87,safe_continuous_overlapping_surveillance,-28.132,2.985,12.439,-18.0,10.0,-6.721,-13.971,16.518,-34.0,-28.0,44.912,4.206,21.04,34.0,12.0,27.62,SAFE
2026-07-22T00:58:10.259206+00:00,1,2,32,88,safe_continuous_overlapping_surveillance,-27.43,3.471,12.429,-18.0,10.0,-8.611,-14.943,16.536,-34.0,-28.0,44.156,4.746,21.07,34.0,12.0,26.65,SAFE
2026-07-22T00:58:12.102283+00:00,1,2,33,89,safe_continuous_overlapping_surveillance,-26.738,3.951,12.421,-18.0,10.0,-10.475,-15.901,16.556,-34.0,-28.0,43.41,5.278,21.1,34.0,12.0,25.99,SAFE
2026-07-22T00:58:13.975960+00:00,1,2,34,90,safe_continuous_overlapping_surveillance,-26.058,4.422,12.413,-18.0,10.0,-12.306,-16.843,16.577,-34.0,-28.0,42.678,5.802,21.129,34.0,12.0,25.66,SAFE
2026-07-22T00:58:15.753251+00:00,1,2,35,91,safe_continuous_overlapping_surveillance,-25.391,4.883,12.408,-18.0,10.0,-14.1,-17.766,16.598,-34.0,-28.0,41.96,6.314,21.158,34.0,12.0,25.65,SAFE
2026-07-22T00:58:17.874421+00:00,1,2,36,92,safe_continuous_overlapping_surveillance,-24.741,5.333,12.404,-18.0,10.0,-15.852,-18.667,16.621,-34.0,-28.0,41.259,6.815,21.187,34.0,12.0,25.94,SAFE
2026-07-22T00:58:19.877667+00:00,1,2,37,93,safe_continuous_overlapping_surveillance,-24.108,5.771,12.401,-18.0,10.0,-17.555,-19.543,16.645,-34.0,-28.0,40.578,7.302,21.215,34.0,12.0,26.49,SAFE
2026-07-22T00:58:21.744352+00:00,1,2,38,94,safe_continuous_overlapping_surveillance,-23.495,6.196,12.4,-18.0,10.0,-19.206,-20.391,16.67,-34.0,-28.0,39.918,7.773,21.243,34.0,12.0,27.27,SAFE
2026-07-22T00:58:23.514964+00:00,1,2,39,95,safe_continuous_overlapping_surveillance,-22.904,6.605,12.4,-18.0,10.0,-20.797,-21.21,16.695,-34.0,-28.0,39.281,8.228,21.27,34.0,12.0,28.22,SAFE
2026-07-22T00:58:25.285634+00:00,1,2,40,96,safe_continuous_overlapping_surveillance,-22.337,6.998,12.402,-18.0,10.0,-22.324,-21.995,16.721,-34.0,-28.0,38.67,8.664,21.296,34.0,12.0,29.31,SAFE
2026-07-22T00:58:27.069613+00:00,1,2,41,97,safe_continuous_overlapping_surveillance,-21.795,7.373,12.406,-18.0,10.0,-23.783,-22.745,16.748,-34.0,-28.0,38.087,9.081,21.322,34.0,12.0,30.49,SAFE
2026-07-22T00:58:28.734267+00:00,1,2,42,98,safe_continuous_overlapping_surveillance,-21.281,7.728,12.411,-18.0,10.0,-25.166,-23.457,16.776,-34.0,-28.0,37.534,9.476,21.347,34.0,12.0,31.73,SAFE
2026-07-22T00:58:30.520412+00:00,1,2,43,99,safe_continuous_overlapping_surveillance,-20.797,8.064,12.417,-18.0,10.0,-26.469,-24.127,16.804,-34.0,-28.0,37.012,9.848,21.371,34.0,12.0,32.98,SAFE
2026-07-22T00:58:32.288644+00:00,1,2,44,100,safe_continuous_overlapping_surveillance,-20.345,8.377,12.425,-18.0,10.0,-27.687,-24.754,16.832,-34.0,-28.0,36.525,10.196,21.394,34.0,12.0,34.22,SAFE
2026-07-22T00:58:33.941779+00:00,1,2,45,101,safe_continuous_overlapping_surveillance,-19.926,8.667,12.434,-18.0,10.0,-28.815,-25.333,16.861,-34.0,-28.0,36.074,10.519,21.416,34.0,12.0,35.42,SAFE
2026-07-22T00:58:35.553606+00:00,1,2,46,102,safe_continuous_overlapping_surveillance,-19.543,8.932,12.445,-18.0,10.0,-29.846,-25.864,16.891,-34.0,-28.0,35.662,10.813,21.437,34.0,12.0,36.56,SAFE
2026-07-22T00:58:37.155680+00:00,1,2,47,103,safe_continuous_overlapping_surveillance,-19.197,9.171,12.457,-18.0,10.0,-30.776,-26.342,16.92,-34.0,-28.0,35.29,11.079,21.457,34.0,12.0,37.62,SAFE
2026-07-22T00:58:38.932355+00:00,1,2,48,104,safe_continuous_overlapping_surveillance,-18.892,9.383,12.47,-18.0,10.0,-31.599,-26.765,16.95,-34.0,-28.0,34.96,11.314,21.476,34.0,12.0,38.58,SAFE
2026-07-22T00:58:40.555180+00:00,1,2,49,105,safe_continuous_overlapping_surveillance,-18.627,9.566,12.485,-18.0,10.0,-32.311,-27.131,16.98,-34.0,-28.0,34.676,11.517,21.494,34.0,12.0,39.42,SAFE
2026-07-22T00:58:42.317609+00:00,1,2,50,106,safe_continuous_overlapping_surveillance,-18.407,9.718,12.501,-18.0,10.0,-32.905,-27.437,17.01,-34.0,-28.0,34.438,11.687,21.51,34.0,12.0,40.14,SAFE
2026-07-22T00:58:44.079536+00:00,1,2,51,107,safe_continuous_overlapping_surveillance,-18.232,9.84,12.518,-18.0,10.0,-33.376,-27.679,17.04,-34.0,-28.0,34.25,11.822,21.525,34.0,12.0,40.71,SAFE
2026-07-22T00:58:45.756332+00:00,1,2,52,108,safe_continuous_overlapping_surveillance,-18.104,9.928,12.536,-18.0,10.0,-33.719,-27.856,17.07,-34.0,-28.0,34.112,11.92,21.539,34.0,12.0,41.13,SAFE
2026-07-22T00:58:47.353600+00:00,1,2,53,109,safe_continuous_overlapping_surveillance,-18.026,9.982,12.556,-18.0,10.0,-33.929,-27.963,17.1,-34.0,-28.0,34.028,11.98,21.552,34.0,12.0,41.39,SAFE
2026-07-22T00:58:49.240890+00:00,1,2,54,110,safe_continuous_overlapping_surveillance,-18.0,10.0,12.577,-18.0,10.0,-34.0,-28.0,17.129,-34.0,-28.0,34.0,12.0,21.563,34.0,12.0,41.48,SAFE
2026-07-22T00:58:50.936682+00:00,1,3,0,111,safe_continuous_overlapping_surveillance,-18.0,10.0,12.598,6.0,-14.0,-34.0,-28.0,17.158,18.0,-38.0,34.0,12.0,21.572,-6.0,-30.0,41.48,SAFE
2026-07-22T00:58:52.586660+00:00,1,3,1,112,safe_continuous_overlapping_surveillance,-17.976,9.976,12.621,6.0,-14.0,-33.947,-28.01,17.187,18.0,-38.0,33.959,11.957,21.581,-6.0,-30.0,41.46,SAFE
2026-07-22T00:58:54.280133+00:00,1,3,2,113,safe_continuous_overlapping_surveillance,-17.904,9.904,12.645,6.0,-14.0,-33.791,-28.04,17.215,18.0,-38.0,33.839,11.831,21.588,-6.0,-30.0,41.39,SAFE
2026-07-22T00:58:56.075213+00:00,1,3,3,114,safe_continuous_overlapping_surveillance,-17.786,9.786,12.67,6.0,-14.0,-33.536,-28.089,17.243,18.0,-38.0,33.643,11.626,21.593,-6.0,-30.0,41.27,SAFE
2026-07-22T00:59:00.138550+00:00,1,3,4,115,safe_continuous_overlapping_surveillance,-17.624,9.624,12.695,6.0,-14.0,-33.186,-28.156,17.27,18.0,-38.0,33.374,11.343,21.597,-6.0,-30.0,41.12,SAFE
2026-07-22T00:59:02.134169+00:00,1,3,5,116,safe_continuous_overlapping_surveillance,-17.421,9.421,12.721,6.0,-14.0,-32.745,-28.241,17.296,18.0,-38.0,33.035,10.986,21.599,-6.0,-30.0,40.92,SAFE
2026-07-22T00:59:03.852823+00:00,1,3,6,117,safe_continuous_overlapping_surveillance,-17.177,9.177,12.748,6.0,-14.0,-32.217,-28.343,17.322,18.0,-38.0,32.628,10.56,21.6,-6.0,-30.0,40.68,SAFE
2026-07-22T00:59:05.785642+00:00,1,3,7,118,safe_continuous_overlapping_surveillance,-16.895,8.895,12.776,6.0,-14.0,-31.605,-28.461,17.347,18.0,-38.0,32.158,10.066,21.599,-6.0,-30.0,40.41,SAFE
2026-07-22T00:59:07.593734+00:00,1,3,8,119,safe_continuous_overlapping_surveillance,-16.576,8.576,12.804,6.0,-14.0,-30.914,-28.593,17.371,18.0,-38.0,31.626,9.508,21.597,-6.0,-30.0,40.1,SAFE
2026-07-22T00:59:09.447497+00:00,1,3,9,120,safe_continuous_overlapping_surveillance,-16.222,8.222,12.832,6.0,-14.0,-30.148,-28.741,17.394,18.0,-38.0,31.037,8.889,21.594,-6.0,-30.0,39.76,SAFE
2026-07-22T00:59:11.034106+00:00,1,3,10,121,safe_continuous_overlapping_surveillance,-15.836,7.836,12.861,6.0,-14.0,-29.311,-28.902,17.416,18.0,-38.0,30.393,8.212,21.589,-6.0,-30.0,39.39,SAFE
2026-07-22T00:59:12.790392+00:00,1,3,11,122,safe_continuous_overlapping_surveillance,-15.418,7.418,12.891,6.0,-14.0,-28.406,-29.076,17.437,18.0,-38.0,29.697,7.482,21.582,-6.0,-30.0,39.0,SAFE
2026-07-22T00:59:16.991008+00:00,1,3,12,123,safe_continuous_overlapping_surveillance,-14.971,6.971,12.92,6.0,-14.0,-27.438,-29.262,17.457,18.0,-38.0,28.952,6.7,21.574,-6.0,-30.0,38.59,SAFE
2026-07-22T00:59:18.994901+00:00,1,3,13,124,safe_continuous_overlapping_surveillance,-14.497,6.497,12.95,6.0,-14.0,-26.41,-29.46,17.476,18.0,-38.0,28.161,5.87,21.564,-6.0,-30.0,38.15,SAFE
2026-07-22T00:59:20.811650+00:00,1,3,14,125,safe_continuous_overlapping_surveillance,-13.997,5.997,12.98,6.0,-14.0,-25.327,-29.668,17.494,18.0,-38.0,27.328,4.995,21.554,-6.0,-30.0,37.69,SAFE
2026-07-22T00:59:22.665930+00:00,1,3,15,126,safe_continuous_overlapping_surveillance,-13.473,5.473,13.01,6.0,-14.0,-24.192,-29.886,17.51,18.0,-38.0,26.455,4.078,21.541,-6.0,-30.0,37.22,SAFE
2026-07-22T00:59:24.449614+00:00,1,3,16,127,safe_continuous_overlapping_surveillance,-12.928,4.928,13.04,6.0,-14.0,-23.01,-30.113,17.525,18.0,-38.0,25.546,3.123,21.528,-6.0,-30.0,36.74,SAFE
2026-07-22T00:59:26.285606+00:00,1,3,17,128,safe_continuous_overlapping_surveillance,-12.362,4.362,13.07,6.0,-14.0,-21.784,-30.349,17.539,18.0,-38.0,24.603,2.133,21.513,-6.0,-30.0,36.24,SAFE
2026-07-22T00:59:28.060049+00:00,1,3,18,129,safe_continuous_overlapping_surveillance,-11.778,3.778,13.1,6.0,-14.0,-20.519,-30.593,17.552,18.0,-38.0,23.63,1.111,21.497,-6.0,-30.0,35.74,SAFE
2026-07-22T00:59:29.845419+00:00,1,3,19,130,safe_continuous_overlapping_surveillance,-11.177,3.177,13.129,6.0,-14.0,-19.217,-30.843,17.563,18.0,-38.0,22.629,0.06,21.479,-6.0,-30.0,34.96,SAFE
2026-07-22T00:59:31.722790+00:00,1,3,20,131,safe_continuous_overlapping_surveillance,-10.562,2.562,13.158,6.0,-14.0,-17.885,-31.099,17.572,18.0,-38.0,21.604,-1.016,21.46,-6.0,-30.0,33.41,SAFE
2026-07-22T00:59:33.440991+00:00,1,3,21,132,safe_continuous_overlapping_surveillance,-9.934,1.934,13.187,6.0,-14.0,-16.524,-31.361,17.581,18.0,-38.0,20.557,-2.115,21.441,-6.0,-30.0,31.85,SAFE
2026-07-22T00:59:37.574251+00:00,1,3,22,133,safe_continuous_overlapping_surveillance,-9.295,1.295,13.215,6.0,-14.0,-15.14,-31.627,17.588,18.0,-38.0,19.492,-3.233,21.42,-6.0,-30.0,30.27,SAFE
2026-07-22T00:59:41.946109+00:00,1,3,23,134,safe_continuous_overlapping_surveillance,-8.647,0.647,13.243,6.0,-14.0,-13.736,-31.897,17.593,18.0,-38.0,18.412,-4.367,21.398,-6.0,-30.0,28.7,SAFE
2026-07-22T00:59:43.844274+00:00,1,3,24,135,safe_continuous_overlapping_surveillance,-7.992,-0.008,13.27,6.0,-14.0,-12.316,-32.17,17.597,18.0,-38.0,17.32,-5.514,21.375,-6.0,-30.0,27.14,SAFE
2026-07-22T00:59:45.653783+00:00,1,3,25,136,safe_continuous_overlapping_surveillance,-7.331,-0.669,13.296,6.0,-14.0,-10.884,-32.445,17.599,18.0,-38.0,16.218,-6.671,21.351,-6.0,-30.0,25.6,SAFE
2026-07-22T00:59:49.789844+00:00,1,3,26,137,safe_continuous_overlapping_surveillance,-6.666,-1.334,13.322,6.0,-14.0,-9.444,-32.722,17.6,18.0,-38.0,15.111,-7.834,21.326,-6.0,-30.0,24.09,SAFE
2026-07-22T00:59:51.555307+00:00,1,3,27,138,safe_continuous_overlapping_surveillance,-6.0,-2.0,13.347,6.0,-14.0,-8.0,-33.0,17.599,18.0,-38.0,14.0,-9.0,21.301,-6.0,-30.0,22.63,SAFE
2026-07-22T00:59:53.701950+00:00,1,3,28,139,safe_continuous_overlapping_surveillance,-5.334,-2.666,13.371,6.0,-14.0,-6.556,-33.278,17.597,18.0,-38.0,12.889,-10.166,21.274,-6.0,-30.0,21.23,SAFE
2026-07-22T00:59:55.514004+00:00,1,3,29,140,safe_continuous_overlapping_surveillance,-4.669,-3.331,13.394,6.0,-14.0,-5.116,-33.555,17.594,18.0,-38.0,11.782,-11.329,21.247,-6.0,-30.0,19.91,SAFE
2026-07-22T00:59:57.161615+00:00,1,3,30,141,safe_continuous_overlapping_surveillance,-4.008,-3.992,13.416,6.0,-14.0,-3.684,-33.83,17.589,18.0,-38.0,10.68,-12.486,21.22,-6.0,-30.0,18.68,SAFE
2026-07-22T00:59:58.820650+00:00,1,3,31,142,safe_continuous_overlapping_surveillance,-3.353,-4.647,13.437,6.0,-14.0,-2.264,-34.103,17.582,18.0,-38.0,9.588,-13.633,21.191,-6.0,-30.0,17.56,SAFE
2026-07-22T01:00:02.709623+00:00,1,3,32,143,safe_continuous_overlapping_surveillance,-2.705,-5.295,13.457,6.0,-14.0,-0.86,-34.373,17.574,18.0,-38.0,8.508,-14.767,21.163,-6.0,-30.0,16.58,SAFE
2026-07-22T01:00:06.801716+00:00,1,3,33,144,safe_continuous_overlapping_surveillance,-2.066,-5.934,13.476,6.0,-14.0,0.524,-34.639,17.564,18.0,-38.0,7.443,-15.885,21.134,-6.0,-30.0,15.75,SAFE
2026-07-22T01:00:08.617625+00:00,1,3,34,145,safe_continuous_overlapping_surveillance,-1.438,-6.562,13.494,6.0,-14.0,1.885,-34.901,17.554,18.0,-38.0,6.396,-16.984,21.104,-6.0,-30.0,15.1,SAFE
2026-07-22T01:00:10.503376+00:00,1,3,35,146,safe_continuous_overlapping_surveillance,-0.823,-7.177,13.51,6.0,-14.0,3.217,-35.157,17.541,18.0,-38.0,5.371,-18.06,21.075,-6.0,-30.0,14.63,SAFE
2026-07-22T01:00:12.319181+00:00,1,3,36,147,safe_continuous_overlapping_surveillance,-0.222,-7.778,13.525,6.0,-14.0,4.519,-35.407,17.528,18.0,-38.0,4.37,-19.111,21.045,-6.0,-30.0,14.36,SAFE
2026-07-22T01:00:14.241622+00:00,1,3,37,148,safe_continuous_overlapping_surveillance,0.362,-8.362,13.539,6.0,-14.0,5.784,-35.651,17.513,18.0,-38.0,3.397,-20.133,21.015,-6.0,-30.0,14.27,SAFE
2026-07-22T01:00:18.160426+00:00,1,3,38,149,safe_continuous_overlapping_surveillance,0.928,-8.928,13.552,6.0,-14.0,7.01,-35.887,17.497,18.0,-38.0,2.454,-21.123,20.985,-6.0,-30.0,14.36,SAFE
2026-07-22T01:00:22.369463+00:00,1,3,39,150,safe_continuous_overlapping_surveillance,1.473,-9.473,13.563,6.0,-14.0,8.192,-36.114,17.479,18.0,-38.0,1.545,-22.078,20.955,-6.0,-30.0,14.61,SAFE
2026-07-22T01:00:24.033219+00:00,1,3,40,151,safe_continuous_overlapping_surveillance,1.997,-9.997,13.572,6.0,-14.0,9.327,-36.332,17.46,18.0,-38.0,0.672,-22.995,20.925,-6.0,-30.0,14.99,SAFE
2026-07-22T01:00:25.843734+00:00,1,3,41,152,safe_continuous_overlapping_surveillance,2.497,-10.497,13.581,6.0,-14.0,10.41,-36.54,17.441,18.0,-38.0,-0.161,-23.87,20.895,-6.0,-30.0,15.47,SAFE
2026-07-22T01:00:27.581713+00:00,1,3,42,153,safe_continuous_overlapping_surveillance,2.971,-10.971,13.588,6.0,-14.0,11.438,-36.738,17.42,18.0,-38.0,-0.952,-24.7,20.866,-6.0,-30.0,16.03,SAFE
2026-07-22T01:00:29.245609+00:00,1,3,43,154,safe_continuous_overlapping_surveillance,3.418,-11.418,13.593,6.0,-14.0,12.406,-36.924,17.398,18.0,-38.0,-1.697,-25.482,20.837,-6.0,-30.0,16.63,SAFE
2026-07-22T01:00:30.957677+00:00,1,3,44,155,safe_continuous_overlapping_surveillance,3.836,-11.836,13.597,6.0,-14.0,13.311,-37.098,17.375,18.0,-38.0,-2.393,-26.212,20.808,-6.0,-30.0,17.25,SAFE
2026-07-22T01:00:32.656779+00:00,1,3,45,156,safe_continuous_overlapping_surveillance,4.222,-12.222,13.599,6.0,-14.0,14.148,-37.259,17.351,18.0,-38.0,-3.037,-26.889,20.78,-6.0,-30.0,17.87,SAFE
2026-07-22T01:00:34.369608+00:00,1,3,46,157,safe_continuous_overlapping_surveillance,4.576,-12.576,13.6,6.0,-14.0,14.914,-37.407,17.326,18.0,-38.0,-3.626,-27.508,20.752,-6.0,-30.0,18.48,SAFE
2026-07-22T01:00:36.174300+00:00,1,3,47,158,safe_continuous_overlapping_surveillance,4.895,-12.895,13.599,6.0,-14.0,15.605,-37.539,17.301,18.0,-38.0,-4.158,-28.066,20.725,-6.0,-30.0,19.05,SAFE
2026-07-22T01:00:37.822268+00:00,1,3,48,159,safe_continuous_overlapping_surveillance,5.177,-13.177,13.597,6.0,-14.0,16.217,-37.657,17.274,18.0,-38.0,-4.628,-28.56,20.699,-6.0,-30.0,19.58,SAFE
2026-07-22T01:00:39.532270+00:00,1,3,49,160,safe_continuous_overlapping_surveillance,5.421,-13.421,13.594,6.0,-14.0,16.745,-37.759,17.247,18.0,-38.0,-5.035,-28.986,20.674,-6.0,-30.0,20.04,SAFE
2026-07-22T01:00:41.191559+00:00,1,3,50,161,safe_continuous_overlapping_surveillance,5.624,-13.624,13.589,6.0,-14.0,17.186,-37.844,17.22,18.0,-38.0,-5.374,-29.343,20.649,-6.0,-30.0,20.44,SAFE
2026-07-22T01:00:42.885608+00:00,1,3,51,162,safe_continuous_overlapping_surveillance,5.786,-13.786,13.582,6.0,-14.0,17.536,-37.911,17.191,18.0,-38.0,-5.643,-29.626,20.625,-6.0,-30.0,20.76,SAFE
2026-07-22T01:00:44.568692+00:00,1,3,52,163,safe_continuous_overlapping_surveillance,5.904,-13.904,13.574,6.0,-14.0,17.791,-37.96,17.163,18.0,-38.0,-5.839,-29.831,20.602,-6.0,-30.0,21.0,SAFE
2026-07-22T01:00:46.259367+00:00,1,3,53,164,safe_continuous_overlapping_surveillance,5.976,-13.976,13.564,6.0,-14.0,17.947,-37.99,17.134,18.0,-38.0,-5.959,-29.957,20.58,-6.0,-30.0,21.14,SAFE
2026-07-22T01:00:48.037610+00:00,1,3,54,165,safe_continuous_overlapping_surveillance,6.0,-14.0,13.554,6.0,-14.0,18.0,-38.0,17.104,18.0,-38.0,-6.0,-30.0,20.559,-6.0,-30.0,21.19,SAFE
2026-07-22T01:00:49.711895+00:00,1,4,0,166,safe_continuous_overlapping_surveillance,6.0,-14.0,13.541,-24.0,-36.0,18.0,-38.0,17.075,42.0,-4.0,-6.0,-30.0,20.539,56.0,-38.0,21.19,SAFE
2026-07-22T01:00:51.411972+00:00,1,4,1,167,safe_continuous_overlapping_surveillance,5.97,-14.022,13.528,-24.0,-36.0,18.024,-37.965,17.045,42.0,-4.0,-5.937,-30.008,20.521,56.0,-38.0,21.12,SAFE
2026-07-22T01:00:53.035667+00:00,1,4,2,168,safe_continuous_overlapping_surveillance,5.88,-14.088,13.513,-24.0,-36.0,18.096,-37.864,17.015,42.0,-4.0,-5.751,-30.032,20.503,56.0,-38.0,20.94,SAFE
2026-07-22T01:00:54.753434+00:00,1,4,3,169,safe_continuous_overlapping_surveillance,5.733,-14.196,13.497,-24.0,-36.0,18.214,-37.697,16.985,42.0,-4.0,-5.447,-30.071,20.487,56.0,-38.0,20.64,SAFE
2026-07-22T01:00:58.872871+00:00,1,4,4,170,safe_continuous_overlapping_surveillance,5.531,-14.344,13.479,-24.0,-36.0,18.376,-37.468,16.955,42.0,-4.0,-5.03,-30.125,20.472,56.0,-38.0,20.24,SAFE
2026-07-22T01:01:00.629345+00:00,1,4,5,171,safe_continuous_overlapping_surveillance,5.276,-14.531,13.46,-24.0,-36.0,18.579,-37.179,16.925,42.0,-4.0,-4.504,-30.193,20.459,56.0,-38.0,19.75,SAFE
2026-07-22T01:01:04.601522+00:00,1,4,6,172,safe_continuous_overlapping_surveillance,4.971,-14.754,13.441,-24.0,-36.0,18.823,-36.834,16.895,42.0,-4.0,-3.874,-30.274,20.446,56.0,-38.0,19.19,SAFE
2026-07-22T01:01:08.580721+00:00,1,4,7,173,safe_continuous_overlapping_surveillance,4.618,-15.013,13.42,-24.0,-36.0,19.105,-36.434,16.866,42.0,-4.0,-3.145,-30.368,20.435,56.0,-38.0,18.58,SAFE
2026-07-22T01:01:10.373192+00:00,1,4,8,174,safe_continuous_overlapping_surveillance,4.22,-15.305,13.398,-24.0,-36.0,19.424,-35.982,16.837,42.0,-4.0,-2.321,-30.475,20.426,56.0,-38.0,17.95,SAFE
2026-07-22T01:01:14.381621+00:00,1,4,9,175,safe_continuous_overlapping_surveillance,3.778,-15.63,13.375,-24.0,-36.0,19.778,-35.481,16.808,42.0,-4.0,-1.407,-30.593,20.418,56.0,-38.0,17.33,SAFE
2026-07-22T01:01:16.249476+00:00,1,4,10,176,safe_continuous_overlapping_surveillance,3.295,-15.984,13.351,-24.0,-36.0,20.164,-34.934,16.78,42.0,-4.0,-0.409,-30.721,20.411,56.0,-38.0,16.76,SAFE
2026-07-22T01:01:17.932425+00:00,1,4,11,177,safe_continuous_overlapping_surveillance,2.773,-16.367,13.326,-24.0,-36.0,20.582,-34.342,16.752,42.0,-4.0,0.67,-30.861,20.406,56.0,-38.0,16.27,SAFE
2026-07-22T01:01:19.664581+00:00,1,4,12,178,safe_continuous_overlapping_surveillance,2.214,-16.776,13.301,-24.0,-36.0,21.029,-33.709,16.725,42.0,-4.0,1.824,-31.01,20.403,56.0,-38.0,15.91,SAFE
2026-07-22T01:01:21.258069+00:00,1,4,13,179,safe_continuous_overlapping_surveillance,1.621,-17.211,13.274,-24.0,-36.0,21.503,-33.037,16.699,42.0,-4.0,3.05,-31.168,20.401,56.0,-38.0,15.74,SAFE
2026-07-22T01:01:23.073662+00:00,1,4,14,180,safe_continuous_overlapping_surveillance,0.996,-17.669,13.247,-24.0,-36.0,22.003,-32.329,16.674,42.0,-4.0,4.341,-31.334,20.4,56.0,-38.0,15.78,SAFE
2026-07-22T01:01:24.815172+00:00,1,4,15,181,safe_continuous_overlapping_surveillance,0.342,-18.15,13.22,-24.0,-36.0,22.527,-31.587,16.649,42.0,-4.0,5.694,-31.509,20.401,56.0,-38.0,16.08,SAFE
2026-07-22T01:01:26.692445+00:00,1,4,16,182,safe_continuous_overlapping_surveillance,-0.34,-18.65,13.191,-24.0,-36.0,23.072,-30.814,16.625,42.0,-4.0,7.104,-31.691,20.403,56.0,-38.0,16.43,SAFE
2026-07-22T01:01:28.425617+00:00,1,4,17,183,safe_continuous_overlapping_surveillance,-1.048,-19.168,13.163,-24.0,-36.0,23.638,-30.013,16.602,42.0,-4.0,8.565,-31.879,20.407,56.0,-38.0,15.66,SAFE
2026-07-22T01:01:30.138400+00:00,1,4,18,184,safe_continuous_overlapping_surveillance,-1.778,-19.704,13.134,-24.0,-36.0,24.222,-29.185,16.58,42.0,-4.0,10.074,-32.074,20.412,56.0,-38.0,14.94,SAFE
2026-07-22T01:01:33.994420+00:00,1,4,19,185,safe_continuous_overlapping_surveillance,-2.528,-20.254,13.104,-24.0,-36.0,24.823,-28.334,16.559,42.0,-4.0,11.625,-32.274,20.419,56.0,-38.0,14.3,SAFE
2026-07-22T01:01:35.719125+00:00,1,4,20,186,safe_continuous_overlapping_surveillance,-3.297,-20.818,13.075,-24.0,-36.0,25.438,-27.463,16.539,42.0,-4.0,13.215,-32.479,20.428,56.0,-38.0,13.77,SAFE
2026-07-22T01:01:37.331557+00:00,1,4,21,187,safe_continuous_overlapping_surveillance,-4.082,-21.394,13.045,-24.0,-36.0,26.066,-26.573,16.521,42.0,-4.0,14.837,-32.689,20.437,56.0,-38.0,13.37,SAFE
2026-07-22T01:01:38.968182+00:00,1,4,22,188,safe_continuous_overlapping_surveillance,-4.881,-21.979,13.015,-24.0,-36.0,26.705,-25.668,16.503,42.0,-4.0,16.487,-32.902,20.448,56.0,-38.0,13.13,SAFE
2026-07-22T01:01:40.721620+00:00,1,4,23,189,safe_continuous_overlapping_surveillance,-5.691,-22.573,12.985,-24.0,-36.0,27.353,-24.75,16.487,42.0,-4.0,18.162,-33.118,20.461,56.0,-38.0,13.05,SAFE
2026-07-22T01:01:44.772809+00:00,1,4,24,190,safe_continuous_overlapping_surveillance,-6.51,-23.174,12.955,-24.0,-36.0,28.008,-23.822,16.472,42.0,-4.0,19.855,-33.336,20.475,56.0,-38.0,13.15,SAFE
2026-07-22T01:01:48.825610+00:00,1,4,25,191,safe_continuous_overlapping_surveillance,-7.336,-23.78,12.925,-24.0,-36.0,28.669,-22.885,16.459,42.0,-4.0,21.562,-33.556,20.49,56.0,-38.0,13.44,SAFE
2026-07-22T01:01:50.568969+00:00,1,4,26,192,safe_continuous_overlapping_surveillance,-8.167,-24.389,12.895,-24.0,-36.0,29.334,-21.944,16.446,42.0,-4.0,23.279,-33.778,20.506,56.0,-38.0,13.9,SAFE
2026-07-22T01:01:52.321698+00:00,1,4,27,193,safe_continuous_overlapping_surveillance,-9.0,-25.0,12.866,-24.0,-36.0,30.0,-21.0,16.435,42.0,-4.0,25.0,-34.0,20.524,56.0,-38.0,14.52,SAFE
2026-07-22T01:01:53.964821+00:00,1,4,28,194,safe_continuous_overlapping_surveillance,-9.833,-25.611,12.837,-24.0,-36.0,30.666,-20.056,16.426,42.0,-4.0,26.721,-34.222,20.543,56.0,-38.0,15.27,SAFE
2026-07-22T01:01:55.745597+00:00,1,4,29,195,safe_continuous_overlapping_surveillance,-10.664,-26.22,12.808,-24.0,-36.0,31.331,-19.115,16.418,42.0,-4.0,28.438,-34.444,20.563,56.0,-38.0,16.14,SAFE
2026-07-22T01:01:59.669765+00:00,1,4,30,196,safe_continuous_overlapping_surveillance,-11.49,-26.826,12.78,-24.0,-36.0,31.992,-18.178,16.411,42.0,-4.0,30.145,-34.664,20.584,56.0,-38.0,17.11,SAFE
2026-07-22T01:02:01.340488+00:00,1,4,31,197,safe_continuous_overlapping_surveillance,-12.309,-27.427,12.752,-24.0,-36.0,32.647,-17.25,16.406,42.0,-4.0,31.838,-34.882,20.606,56.0,-38.0,18.14,SAFE
2026-07-22T01:02:02.942545+00:00,1,4,32,198,safe_continuous_overlapping_surveillance,-13.119,-28.021,12.725,-24.0,-36.0,33.295,-16.332,16.403,42.0,-4.0,33.513,-35.098,20.629,56.0,-38.0,19.24,SAFE
2026-07-22T01:02:06.898764+00:00,1,4,33,199,safe_continuous_overlapping_surveillance,-13.918,-28.606,12.699,-24.0,-36.0,33.934,-15.427,16.401,42.0,-4.0,35.163,-35.311,20.653,56.0,-38.0,20.37,SAFE
2026-07-22T01:02:08.609479+00:00,1,4,34,200,safe_continuous_overlapping_surveillance,-14.703,-29.182,12.674,-24.0,-36.0,34.562,-14.537,16.4,42.0,-4.0,36.785,-35.521,20.678,56.0,-38.0,21.53,SAFE
2026-07-22T01:02:10.389641+00:00,1,4,35,201,safe_continuous_overlapping_surveillance,-15.472,-29.746,12.649,-24.0,-36.0,35.177,-13.666,16.401,42.0,-4.0,38.375,-35.726,20.704,56.0,-38.0,22.7,SAFE
2026-07-22T01:02:12.062240+00:00,1,4,36,202,safe_continuous_overlapping_surveillance,-16.222,-30.296,12.625,-24.0,-36.0,35.778,-12.815,16.403,42.0,-4.0,39.926,-35.926,20.73,56.0,-38.0,23.88,SAFE
2026-07-22T01:02:13.771970+00:00,1,4,37,203,safe_continuous_overlapping_surveillance,-16.952,-30.832,12.602,-24.0,-36.0,36.362,-11.987,16.407,42.0,-4.0,41.435,-36.121,20.757,56.0,-38.0,25.04,SAFE
2026-07-22T01:02:15.478688+00:00,1,4,38,204,safe_continuous_overlapping_surveillance,-17.66,-31.35,12.58,-24.0,-36.0,36.928,-11.186,16.412,42.0,-4.0,42.896,-36.309,20.785,56.0,-38.0,26.19,SAFE
2026-07-22T01:02:17.169018+00:00,1,4,39,205,safe_continuous_overlapping_surveillance,-18.342,-31.85,12.559,-24.0,-36.0,37.473,-10.413,16.419,42.0,-4.0,44.306,-36.491,20.813,56.0,-38.0,27.31,SAFE
2026-07-22T01:02:21.116551+00:00,1,4,40,206,safe_continuous_overlapping_surveillance,-18.996,-32.331,12.539,-24.0,-36.0,37.997,-9.671,16.428,42.0,-4.0,45.659,-36.666,20.842,56.0,-38.0,28.41,SAFE
2026-07-22T01:02:22.772026+00:00,1,4,41,207,safe_continuous_overlapping_surveillance,-19.621,-32.789,12.521,-24.0,-36.0,38.497,-8.963,16.437,42.0,-4.0,46.95,-36.832,20.871,56.0,-38.0,29.46,SAFE
2026-07-22T01:02:24.499459+00:00,1,4,42,208,safe_continuous_overlapping_surveillance,-20.214,-33.224,12.503,-24.0,-36.0,38.971,-8.291,16.448,42.0,-4.0,48.176,-36.99,20.901,56.0,-38.0,30.47,SAFE
2026-07-22T01:02:26.153885+00:00,1,4,43,209,safe_continuous_overlapping_surveillance,-20.773,-33.633,12.487,-24.0,-36.0,39.418,-7.658,16.461,42.0,-4.0,49.33,-37.139,20.93,56.0,-38.0,31.42,SAFE
2026-07-22T01:02:30.180731+00:00,1,4,44,210,safe_continuous_overlapping_surveillance,-21.295,-34.016,12.472,-24.0,-36.0,39.836,-7.066,16.475,42.0,-4.0,50.409,-37.279,20.96,56.0,-38.0,32.32,SAFE
2026-07-22T01:02:31.810965+00:00,1,4,45,211,safe_continuous_overlapping_surveillance,-21.778,-34.37,12.459,-24.0,-36.0,40.222,-6.519,16.49,42.0,-4.0,51.407,-37.407,20.99,56.0,-38.0,33.16,SAFE
2026-07-22T01:02:33.557606+00:00,1,4,46,212,safe_continuous_overlapping_surveillance,-22.22,-34.695,12.446,-24.0,-36.0,40.576,-6.018,16.506,42.0,-4.0,52.321,-37.525,21.02,56.0,-38.0,33.93,SAFE
2026-07-22T01:02:35.221611+00:00,1,4,47,213,safe_continuous_overlapping_surveillance,-22.618,-34.987,12.435,-24.0,-36.0,40.895,-5.566,16.524,42.0,-4.0,53.145,-37.632,21.05,56.0,-38.0,34.62,SAFE
2026-07-22T01:02:36.929842+00:00,1,4,48,214,safe_continuous_overlapping_surveillance,-22.971,-35.246,12.426,-24.0,-36.0,41.177,-5.166,16.543,42.0,-4.0,53.874,-37.726,21.08,56.0,-38.0,35.24,SAFE
2026-07-22T01:02:41.021611+00:00,1,4,49,215,safe_continuous_overlapping_surveillance,-23.276,-35.469,12.418,-24.0,-36.0,41.421,-4.821,16.563,42.0,-4.0,54.504,-37.807,21.11,56.0,-38.0,35.78,SAFE
2026-07-22T01:02:42.639924+00:00,1,4,50,216,safe_continuous_overlapping_surveillance,-23.531,-35.656,12.411,-24.0,-36.0,41.624,-4.532,16.584,42.0,-4.0,55.03,-37.875,21.139,56.0,-38.0,36.22,SAFE
2026-07-22T01:02:44.541446+00:00,1,4,51,217,safe_continuous_overlapping_surveillance,-23.733,-35.804,12.406,-24.0,-36.0,41.786,-4.303,16.606,42.0,-4.0,55.447,-37.929,21.168,56.0,-38.0,36.58,SAFE
2026-07-22T01:02:46.225734+00:00,1,4,52,218,safe_continuous_overlapping_surveillance,-23.88,-35.912,12.403,-24.0,-36.0,41.904,-4.136,16.629,42.0,-4.0,55.751,-37.968,21.196,56.0,-38.0,36.84,SAFE
2026-07-22T01:02:50.256006+00:00,1,4,53,219,safe_continuous_overlapping_surveillance,-23.97,-35.978,12.401,-24.0,-36.0,41.976,-4.035,16.653,42.0,-4.0,55.937,-37.992,21.225,56.0,-38.0,37.0,SAFE
2026-07-22T01:02:51.874638+00:00,1,4,54,220,safe_continuous_overlapping_surveillance,-24.0,-36.0,12.4,-24.0,-36.0,42.0,-4.0,16.678,42.0,-4.0,56.0,-38.0,21.252,56.0,-38.0,37.05,SAFE
2026-07-22T01:02:53.436873+00:00,1,5,0,221,safe_continuous_overlapping_surveillance,-24.0,-36.0,12.401,-56.0,-10.0,42.0,-4.0,16.704,-12.0,14.0,56.0,-38.0,21.279,38.0,-6.0,37.05,SAFE
2026-07-22T01:02:57.428634+00:00,1,5,1,222,safe_continuous_overlapping_surveillance,-24.033,-35.974,12.403,-56.0,-10.0,41.945,-3.982,16.73,-12.0,14.0,55.982,-37.967,21.305,38.0,-6.0,37.05,SAFE
2026-07-22T01:02:59.032715+00:00,1,5,2,223,safe_continuous_overlapping_surveillance,-24.128,-35.896,12.407,-56.0,-10.0,41.783,-3.928,16.757,-12.0,14.0,55.928,-37.872,21.331,38.0,-6.0,37.06,SAFE
2026-07-22T01:03:02.955613+00:00,1,5,3,224,safe_continuous_overlapping_surveillance,-24.285,-35.768,12.412,-56.0,-10.0,41.519,-3.84,16.785,-12.0,14.0,55.84,-37.715,21.355,38.0,-6.0,37.06,SAFE
2026-07-22T01:03:04.709614+00:00,1,5,4,225,safe_continuous_overlapping_surveillance,-24.501,-35.593,12.419,-56.0,-10.0,41.155,-3.718,16.813,-12.0,14.0,55.718,-37.499,21.379,38.0,-6.0,37.07,SAFE
2026-07-22T01:03:06.433452+00:00,1,5,5,226,safe_continuous_overlapping_surveillance,-24.772,-35.373,12.428,-56.0,-10.0,40.697,-3.566,16.842,-12.0,14.0,55.566,-37.228,21.402,38.0,-6.0,37.08,SAFE
2026-07-22T01:03:08.050799+00:00,1,5,6,227,safe_continuous_overlapping_surveillance,-25.097,-35.108,12.437,-56.0,-10.0,40.148,-3.383,16.871,-12.0,14.0,55.383,-36.903,21.424,38.0,-6.0,37.1,SAFE
2026-07-22T01:03:09.839661+00:00,1,5,7,228,safe_continuous_overlapping_surveillance,-25.474,-34.803,12.448,-56.0,-10.0,39.513,-3.171,16.901,-12.0,14.0,55.171,-36.526,21.444,38.0,-6.0,37.13,SAFE
2026-07-22T01:03:11.512246+00:00,1,5,8,229,safe_continuous_overlapping_surveillance,-25.899,-34.457,12.461,-56.0,-10.0,38.796,-2.932,16.93,-12.0,14.0,54.932,-36.101,21.464,38.0,-6.0,37.16,SAFE
2026-07-22T01:03:15.533626+00:00,1,5,9,230,safe_continuous_overlapping_surveillance,-26.37,-34.074,12.475,-56.0,-10.0,38.0,-2.667,16.96,-12.0,14.0,54.667,-35.63,21.482,38.0,-6.0,37.21,SAFE
2026-07-22T01:03:19.551489+00:00,1,5,10,231,safe_continuous_overlapping_surveillance,-26.886,-33.655,12.49,-56.0,-10.0,37.13,-2.377,16.99,-12.0,14.0,54.377,-35.114,21.5,38.0,-6.0,37.28,SAFE
2026-07-22T01:03:21.053608+00:00,1,5,11,232,safe_continuous_overlapping_surveillance,-27.443,-33.203,12.506,-56.0,-10.0,36.191,-2.064,17.02,-12.0,14.0,54.064,-34.557,21.515,38.0,-6.0,37.36,SAFE
2026-07-22T01:03:22.701644+00:00,1,5,12,233,safe_continuous_overlapping_surveillance,-28.038,-32.719,12.524,-56.0,-10.0,35.185,-1.728,17.05,-12.0,14.0,53.728,-33.962,21.53,38.0,-6.0,37.46,SAFE
2026-07-22T01:03:24.472791+00:00,1,5,13,234,safe_continuous_overlapping_surveillance,-28.671,-32.205,12.543,-56.0,-10.0,34.118,-1.373,17.08,-12.0,14.0,53.373,-33.329,21.544,38.0,-6.0,37.58,SAFE
2026-07-22T01:03:28.353325+00:00,1,5,14,235,safe_continuous_overlapping_surveillance,-29.337,-31.663,12.563,-56.0,-10.0,32.993,-0.998,17.11,-12.0,14.0,52.998,-32.663,21.556,38.0,-6.0,37.72,SAFE
2026-07-22T01:03:34.776728+00:00,1,5,15,236,safe_continuous_overlapping_surveillance,-30.036,-31.096,12.584,-56.0,-10.0,31.815,-0.605,17.139,-12.0,14.0,52.605,-31.964,21.566,38.0,-6.0,37.88,SAFE
2026-07-22T01:03:36.493457+00:00,1,5,16,237,safe_continuous_overlapping_surveillance,-30.763,-30.505,12.606,-56.0,-10.0,30.587,-0.196,17.168,-12.0,14.0,52.196,-31.237,21.575,38.0,-6.0,38.08,SAFE
2026-07-22T01:03:40.688619+00:00,1,5,17,238,safe_continuous_overlapping_surveillance,-31.518,-29.892,12.629,-56.0,-10.0,29.314,0.229,17.196,-12.0,14.0,51.771,-30.482,21.583,38.0,-6.0,38.3,SAFE
2026-07-22T01:03:42.531295+00:00,1,5,18,239,safe_continuous_overlapping_surveillance,-32.296,-29.259,12.653,-56.0,-10.0,28.0,0.667,17.225,-12.0,14.0,51.333,-29.704,21.59,38.0,-6.0,38.55,SAFE
2026-07-22T01:03:44.501875+00:00,1,5,19,240,safe_continuous_overlapping_surveillance,-33.097,-28.609,12.678,-56.0,-10.0,26.649,1.117,17.252,-12.0,14.0,50.883,-28.903,21.594,38.0,-6.0,38.82,SAFE
2026-07-22T01:03:51.079171+00:00,1,5,20,241,safe_continuous_overlapping_surveillance,-33.917,-27.942,12.704,-56.0,-10.0,25.265,1.578,17.279,-12.0,14.0,50.422,-28.083,21.598,38.0,-6.0,39.13,SAFE
2026-07-22T01:03:52.719360+00:00,1,5,21,242,safe_continuous_overlapping_surveillance,-34.754,-27.262,12.73,-56.0,-10.0,23.852,2.049,17.305,-12.0,14.0,49.951,-27.246,21.6,38.0,-6.0,39.47,SAFE
2026-07-22T01:03:54.529375+00:00,1,5,22,243,safe_continuous_overlapping_surveillance,-35.606,-26.57,12.757,-56.0,-10.0,22.414,2.529,17.331,-12.0,14.0,49.471,-26.394,21.6,38.0,-6.0,39.83,SAFE
2026-07-22T01:03:56.183860+00:00,1,5,23,244,safe_continuous_overlapping_surveillance,-36.47,-25.868,12.785,-56.0,-10.0,20.956,3.015,17.355,-12.0,14.0,48.985,-25.53,21.599,38.0,-6.0,40.23,SAFE
2026-07-22T01:04:00.334297+00:00,1,5,24,245,safe_continuous_overlapping_surveillance,-37.344,-25.158,12.813,-56.0,-10.0,19.481,3.506,17.379,-12.0,14.0,48.494,-24.656,21.596,38.0,-6.0,40.65,SAFE
2026-07-22T01:04:01.993563+00:00,1,5,25,246,safe_continuous_overlapping_surveillance,-38.225,-24.442,12.842,-56.0,-10.0,17.995,4.002,17.402,-12.0,14.0,47.998,-23.775,21.592,38.0,-6.0,41.1,SAFE
2026-07-22T01:04:03.626174+00:00,1,5,26,247,safe_continuous_overlapping_surveillance,-39.112,-23.722,12.871,-56.0,-10.0,16.499,4.5,17.424,-12.0,14.0,47.5,-22.888,21.586,38.0,-6.0,41.58,SAFE
2026-07-22T01:04:05.309587+00:00,1,5,27,248,safe_continuous_overlapping_surveillance,-40.0,-23.0,12.901,-56.0,-10.0,15.0,5.0,17.444,-12.0,14.0,47.0,-22.0,21.579,38.0,-6.0,42.07,SAFE
2026-07-22T01:04:06.958980+00:00,1,5,28,249,safe_continuous_overlapping_surveillance,-40.888,-22.278,12.93,-56.0,-10.0,13.501,5.5,17.464,-12.0,14.0,46.5,-21.112,21.571,38.0,-6.0,42.59,SAFE
2026-07-22T01:04:08.729793+00:00,1,5,29,250,safe_continuous_overlapping_surveillance,-41.775,-21.558,12.96,-56.0,-10.0,12.005,5.998,17.482,-12.0,14.0,46.002,-20.225,21.561,38.0,-6.0,43.13,SAFE
2026-07-22T01:04:12.729607+00:00,1,5,30,251,safe_continuous_overlapping_surveillance,-42.656,-20.842,12.99,-56.0,-10.0,10.519,6.494,17.5,-12.0,14.0,45.506,-19.344,21.55,38.0,-6.0,43.68,SAFE
2026-07-22T01:04:14.382011+00:00,1,5,31,252,safe_continuous_overlapping_surveillance,-43.53,-20.132,13.02,-56.0,-10.0,9.044,6.985,17.515,-12.0,14.0,45.015,-18.47,21.537,38.0,-6.0,44.25,SAFE
2026-07-22T01:04:16.135170+00:00,1,5,32,253,safe_continuous_overlapping_surveillance,-44.394,-19.43,13.05,-56.0,-10.0,7.586,7.471,17.53,-12.0,14.0,44.529,-17.606,21.523,38.0,-6.0,44.83,SAFE
2026-07-22T01:04:20.155839+00:00,1,5,33,254,safe_continuous_overlapping_surveillance,-45.246,-18.738,13.08,-56.0,-10.0,6.148,7.951,17.544,-12.0,14.0,44.049,-16.754,21.507,38.0,-6.0,45.42,SAFE
2026-07-22T01:04:21.781963+00:00,1,5,34,255,safe_continuous_overlapping_surveillance,-46.083,-18.058,13.11,-56.0,-10.0,4.735,8.422,17.556,-12.0,14.0,43.578,-15.917,21.491,38.0,-6.0,46.01,SAFE
2026-07-22T01:04:23.583626+00:00,1,5,35,256,safe_continuous_overlapping_surveillance,-46.903,-17.391,13.139,-56.0,-10.0,3.351,8.883,17.566,-12.0,14.0,43.117,-15.097,21.473,38.0,-6.0,46.6,SAFE
2026-07-22T01:04:25.357628+00:00,1,5,36,257,safe_continuous_overlapping_surveillance,-47.704,-16.741,13.168,-56.0,-10.0,2.0,9.333,17.575,-12.0,14.0,42.667,-14.296,21.454,38.0,-6.0,47.19,SAFE
2026-07-22T01:04:26.927375+00:00,1,5,37,258,safe_continuous_overlapping_surveillance,-48.482,-16.108,13.196,-56.0,-10.0,0.686,9.771,17.583,-12.0,14.0,42.229,-13.518,21.434,38.0,-6.0,47.78,SAFE
2026-07-22T01:04:30.897637+00:00,1,5,38,259,safe_continuous_overlapping_surveillance,-49.237,-15.495,13.225,-56.0,-10.0,-0.587,10.196,17.59,-12.0,14.0,41.804,-12.763,21.412,38.0,-6.0,48.36,SAFE
2026-07-22T01:04:34.865609+00:00,1,5,39,260,safe_continuous_overlapping_surveillance,-49.964,-14.904,13.252,-56.0,-10.0,-1.815,10.605,17.594,-12.0,14.0,41.395,-12.036,21.39,38.0,-6.0,48.93,SAFE
2026-07-22T01:04:41.182277+00:00,1,5,40,261,safe_continuous_overlapping_surveillance,-50.663,-14.337,13.279,-56.0,-10.0,-2.993,10.998,17.598,-12.0,14.0,41.002,-11.337,21.367,38.0,-6.0,49.48,SAFE
2026-07-22T01:04:42.745456+00:00,1,5,41,262,safe_continuous_overlapping_surveillance,-51.329,-13.795,13.305,-56.0,-10.0,-4.118,11.373,17.6,-12.0,14.0,40.627,-10.671,21.343,38.0,-6.0,50.02,SAFE
2026-07-22T01:04:46.661400+00:00,1,5,42,263,safe_continuous_overlapping_surveillance,-51.962,-13.281,13.331,-56.0,-10.0,-5.185,11.728,17.6,-12.0,14.0,40.272,-10.038,21.318,38.0,-6.0,50.54,SAFE
2026-07-22T01:04:50.737453+00:00,1,5,43,264,safe_continuous_overlapping_surveillance,-52.557,-12.797,13.355,-56.0,-10.0,-6.191,12.064,17.599,-12.0,14.0,39.936,-9.443,21.292,38.0,-6.0,51.03,SAFE
2026-07-22T01:04:52.436265+00:00,1,5,44,265,safe_continuous_overlapping_surveillance,-53.114,-12.345,13.379,-56.0,-10.0,-7.13,12.377,17.596,-12.0,14.0,39.623,-8.886,21.265,38.0,-6.0,51.49,SAFE
2026-07-22T01:04:54.061174+00:00,1,5,45,266,safe_continuous_overlapping_surveillance,-53.63,-11.926,13.402,-56.0,-10.0,-8.0,12.667,17.592,-12.0,14.0,39.333,-8.37,21.238,38.0,-6.0,51.93,SAFE
2026-07-22T01:04:55.777810+00:00,1,5,46,267,safe_continuous_overlapping_surveillance,-54.101,-11.543,13.424,-56.0,-10.0,-8.796,12.932,17.586,-12.0,14.0,39.068,-7.899,21.21,38.0,-6.0,51.66,SAFE
2026-07-22T01:04:57.365630+00:00,1,5,47,268,safe_continuous_overlapping_surveillance,-54.526,-11.197,13.444,-56.0,-10.0,-9.513,13.171,17.579,-12.0,14.0,38.829,-7.474,21.182,38.0,-6.0,51.35,SAFE
2026-07-22T01:04:59.051509+00:00,1,5,48,269,safe_continuous_overlapping_surveillance,-54.903,-10.892,13.464,-56.0,-10.0,-10.148,13.383,17.571,-12.0,14.0,38.617,-7.097,21.153,38.0,-6.0,51.08,SAFE
2026-07-22T01:05:00.746687+00:00,1,5,49,270,safe_continuous_overlapping_surveillance,-55.228,-10.627,13.482,-56.0,-10.0,-10.697,13.566,17.561,-12.0,14.0,38.434,-6.772,21.124,38.0,-6.0,50.84,SAFE
2026-07-22T01:05:02.309452+00:00,1,5,50,271,safe_continuous_overlapping_surveillance,-55.499,-10.407,13.5,-56.0,-10.0,-11.155,13.718,17.55,-12.0,14.0,38.282,-6.501,21.094,38.0,-6.0,50.64,SAFE
2026-07-22T01:05:04.105618+00:00,1,5,51,272,safe_continuous_overlapping_surveillance,-55.715,-10.232,13.515,-56.0,-10.0,-11.519,13.84,17.537,-12.0,14.0,38.16,-6.285,21.065,38.0,-6.0,50.49,SAFE
2026-07-22T01:05:05.824271+00:00,1,5,52,273,safe_continuous_overlapping_surveillance,-55.872,-10.104,13.53,-56.0,-10.0,-11.783,13.928,17.523,-12.0,14.0,38.072,-6.128,21.035,38.0,-6.0,50.37,SAFE
2026-07-22T01:05:09.848323+00:00,1,5,53,274,safe_continuous_overlapping_surveillance,-55.967,-10.026,13.544,-56.0,-10.0,-11.945,13.982,17.507,-12.0,14.0,38.018,-6.033,21.005,38.0,-6.0,50.3,SAFE
2026-07-22T01:05:11.665606+00:00,1,5,54,275,safe_continuous_overlapping_surveillance,-56.0,-10.0,13.556,-56.0,-10.0,-12.0,14.0,17.491,-12.0,14.0,38.0,-6.0,20.975,38.0,-6.0,50.27,SAFE
2026-07-22T01:05:13.212778+00:00,1,6,0,276,safe_continuous_overlapping_surveillance,-56.0,-10.0,13.566,-36.0,12.0,-12.0,14.0,17.473,0.0,-40.0,38.0,-6.0,20.945,10.0,12.0,50.27,SAFE
2026-07-22T01:05:14.906092+00:00,1,6,1,277,safe_continuous_overlapping_surveillance,-55.98,-9.978,13.575,-36.0,12.0,-11.988,13.945,17.454,0.0,-40.0,37.972,-5.982,20.915,10.0,12.0,50.23,SAFE
2026-07-22T01:05:18.763253+00:00,1,6,2,278,safe_continuous_overlapping_surveillance,-55.92,-9.912,13.583,-36.0,12.0,-11.952,13.783,17.434,0.0,-40.0,37.888,-5.928,20.885,10.0,12.0,50.09,SAFE
2026-07-22T01:05:20.543379+00:00,1,6,3,279,safe_continuous_overlapping_surveillance,-55.822,-9.804,13.59,-36.0,12.0,-11.893,13.519,17.412,0.0,-40.0,37.75,-5.84,20.856,10.0,12.0,49.88,SAFE
2026-07-22T01:05:22.294902+00:00,1,6,4,280,safe_continuous_overlapping_surveillance,-55.687,-9.656,13.594,-36.0,12.0,-11.812,13.155,17.39,0.0,-40.0,37.562,-5.718,20.827,10.0,12.0,49.6,SAFE
2026-07-22T01:05:24.131936+00:00,1,6,5,281,safe_continuous_overlapping_surveillance,-55.517,-9.469,13.598,-36.0,12.0,-11.71,12.697,17.367,0.0,-40.0,37.324,-5.566,20.799,10.0,12.0,49.24,SAFE
2026-07-22T01:05:28.141463+00:00,1,6,6,282,safe_continuous_overlapping_surveillance,-55.314,-9.246,13.6,-36.0,12.0,-11.588,12.148,17.343,0.0,-40.0,37.04,-5.383,20.771,10.0,12.0,48.82,SAFE
2026-07-22T01:05:32.124974+00:00,1,6,7,283,safe_continuous_overlapping_surveillance,-55.079,-8.987,13.6,-36.0,12.0,-11.447,11.513,17.318,0.0,-40.0,36.71,-5.171,20.743,10.0,12.0,48.35,SAFE
2026-07-22T01:05:33.816557+00:00,1,6,8,284,safe_continuous_overlapping_surveillance,-54.813,-8.695,13.599,-36.0,12.0,-11.288,10.796,17.292,0.0,-40.0,36.338,-4.932,20.717,10.0,12.0,47.83,SAFE
2026-07-22T01:05:35.728706+00:00,1,6,9,285,safe_continuous_overlapping_surveillance,-54.519,-8.37,13.596,-36.0,12.0,-11.111,10.0,17.265,0.0,-40.0,35.926,-4.667,20.69,10.0,12.0,47.28,SAFE
2026-07-22T01:05:37.517439+00:00,1,6,10,286,safe_continuous_overlapping_surveillance,-54.196,-8.016,13.592,-36.0,12.0,-10.918,9.13,17.238,0.0,-40.0,35.475,-4.377,20.665,10.0,12.0,46.69,SAFE
2026-07-22T01:05:39.332220+00:00,1,6,11,287,safe_continuous_overlapping_surveillance,-53.848,-7.633,13.586,-36.0,12.0,-10.709,8.191,17.21,0.0,-40.0,34.988,-4.064,20.641,10.0,12.0,46.09,SAFE
2026-07-22T01:05:40.991415+00:00,1,6,12,288,safe_continuous_overlapping_surveillance,-53.476,-7.224,13.579,-36.0,12.0,-10.486,7.185,17.182,0.0,-40.0,34.466,-3.728,20.617,10.0,12.0,45.48,SAFE
2026-07-22T01:05:42.720744+00:00,1,6,13,289,safe_continuous_overlapping_surveillance,-53.081,-6.789,13.571,-36.0,12.0,-10.248,6.118,17.153,0.0,-40.0,33.913,-3.373,20.595,10.0,12.0,44.88,SAFE
2026-07-22T01:05:44.461559+00:00,1,6,14,290,safe_continuous_overlapping_surveillance,-52.664,-6.331,13.561,-36.0,12.0,-9.998,4.993,17.124,0.0,-40.0,33.33,-2.998,20.573,10.0,12.0,44.19,SAFE
2026-07-22T01:05:46.141785+00:00,1,6,15,291,safe_continuous_overlapping_surveillance,-52.228,-5.85,13.55,-36.0,12.0,-9.737,3.815,17.094,0.0,-40.0,32.719,-2.605,20.552,10.0,12.0,43.08,SAFE
2026-07-22T01:05:47.733135+00:00,1,6,16,292,safe_continuous_overlapping_surveillance,-51.773,-5.35,13.537,-36.0,12.0,-9.464,2.587,17.065,0.0,-40.0,32.082,-2.196,20.533,10.0,12.0,41.96,SAFE
2026-07-22T01:05:49.533611+00:00,1,6,17,293,safe_continuous_overlapping_surveillance,-51.302,-4.832,13.523,-36.0,12.0,-9.181,1.314,17.035,0.0,-40.0,31.422,-1.771,20.515,10.0,12.0,40.87,SAFE
2026-07-22T01:05:51.138317+00:00,1,6,18,294,safe_continuous_overlapping_surveillance,-50.815,-4.296,13.507,-36.0,12.0,-8.889,0.0,17.005,0.0,-40.0,30.741,-1.333,20.498,10.0,12.0,39.81,SAFE
2026-07-22T01:05:52.724589+00:00,1,6,19,295,safe_continuous_overlapping_surveillance,-50.314,-3.746,13.491,-36.0,12.0,-8.589,-1.351,16.975,0.0,-40.0,30.04,-0.883,20.482,10.0,12.0,38.79,SAFE
2026-07-22T01:05:54.514726+00:00,1,6,20,296,safe_continuous_overlapping_surveillance,-49.802,-3.182,13.473,-36.0,12.0,-8.281,-2.735,16.945,0.0,-40.0,29.322,-0.422,20.467,10.0,12.0,37.84,SAFE
2026-07-22T01:05:56.289619+00:00,1,6,21,297,safe_continuous_overlapping_surveillance,-49.278,-2.606,13.454,-36.0,12.0,-7.967,-4.148,16.915,0.0,-40.0,28.59,0.049,20.454,10.0,12.0,36.97,SAFE
2026-07-22T01:05:58.020185+00:00,1,6,22,298,safe_continuous_overlapping_surveillance,-48.746,-2.021,13.434,-36.0,12.0,-7.648,-5.586,16.885,0.0,-40.0,27.844,0.529,20.443,10.0,12.0,36.19,SAFE
2026-07-22T01:05:59.741627+00:00,1,6,23,299,safe_continuous_overlapping_surveillance,-48.206,-1.427,13.412,-36.0,12.0,-7.324,-7.044,16.856,0.0,-40.0,27.088,1.015,20.432,10.0,12.0,35.52,SAFE
2026-07-22T01:06:03.752469+00:00,1,6,24,300,safe_continuous_overlapping_surveillance,-47.66,-0.826,13.39,-36.0,12.0,-6.996,-8.519,16.827,0.0,-40.0,26.324,1.506,20.423,10.0,12.0,34.98,SAFE
2026-07-22T01:06:05.400658+00:00,1,6,25,301,safe_continuous_overlapping_surveillance,-47.109,-0.22,13.367,-36.0,12.0,-6.665,-10.005,16.799,0.0,-40.0,25.553,2.002,20.416,10.0,12.0,34.57,SAFE
2026-07-22T01:06:07.066457+00:00,1,6,26,302,safe_continuous_overlapping_surveillance,-46.555,0.389,13.343,-36.0,12.0,-6.333,-11.501,16.771,0.0,-40.0,24.777,2.5,20.41,10.0,12.0,34.31,SAFE
2026-07-22T01:06:11.017607+00:00,1,6,27,303,safe_continuous_overlapping_surveillance,-46.0,1.0,13.318,-36.0,12.0,-6.0,-13.0,16.743,0.0,-40.0,24.0,3.0,20.405,10.0,12.0,34.2,SAFE
2026-07-22T01:06:12.757601+00:00,1,6,28,304,safe_continuous_overlapping_surveillance,-45.445,1.611,13.292,-36.0,12.0,-5.667,-14.499,16.717,0.0,-40.0,23.223,3.5,20.402,10.0,12.0,34.24,SAFE
2026-07-22T01:06:14.475443+00:00,1,6,29,305,safe_continuous_overlapping_surveillance,-44.891,2.22,13.265,-36.0,12.0,-5.335,-15.995,16.69,0.0,-40.0,22.447,3.998,20.4,10.0,12.0,34.43,SAFE
2026-07-22T01:06:18.390516+00:00,1,6,30,306,safe_continuous_overlapping_surveillance,-44.34,2.826,13.238,-36.0,12.0,-5.004,-17.481,16.665,0.0,-40.0,21.676,4.494,20.4,10.0,12.0,34.77,SAFE
2026-07-22T01:06:22.432409+00:00,1,6,31,307,safe_continuous_overlapping_surveillance,-43.794,3.427,13.21,-36.0,12.0,-4.676,-18.956,16.641,0.0,-40.0,20.912,4.985,20.402,10.0,12.0,35.24,SAFE
2026-07-22T01:06:26.338209+00:00,1,6,32,308,safe_continuous_overlapping_surveillance,-43.254,4.021,13.182,-36.0,12.0,-4.352,-20.414,16.617,0.0,-40.0,20.156,5.471,20.404,10.0,12.0,35.85,SAFE
2026-07-22T01:06:28.018822+00:00,1,6,33,309,safe_continuous_overlapping_surveillance,-42.722,4.606,13.153,-36.0,12.0,-4.033,-21.852,16.595,0.0,-40.0,19.41,5.951,20.409,10.0,12.0,36.57,SAFE
2026-07-22T01:06:30.008993+00:00,1,6,34,310,safe_continuous_overlapping_surveillance,-42.198,5.182,13.124,-36.0,12.0,-3.719,-23.265,16.573,0.0,-40.0,18.678,6.422,20.415,10.0,12.0,37.39,SAFE
2026-07-22T01:06:31.662345+00:00,1,6,35,311,safe_continuous_overlapping_surveillance,-41.686,5.746,13.094,-36.0,12.0,-3.411,-24.649,16.552,0.0,-40.0,17.96,6.883,20.422,10.0,12.0,38.29,SAFE
2026-07-22T01:06:35.642246+00:00,1,6,36,312,safe_continuous_overlapping_surveillance,-41.185,6.296,13.065,-36.0,12.0,-3.111,-26.0,16.533,0.0,-40.0,17.259,7.333,20.431,10.0,12.0,39.26,SAFE
2026-07-22T01:06:37.289640+00:00,1,6,37,313,safe_continuous_overlapping_surveillance,-40.698,6.832,13.035,-36.0,12.0,-2.819,-27.314,16.515,0.0,-40.0,16.578,7.771,20.441,10.0,12.0,40.28,SAFE
2026-07-22T01:06:38.941659+00:00,1,6,38,314,safe_continuous_overlapping_surveillance,-40.227,7.35,13.005,-36.0,12.0,-2.536,-28.587,16.498,0.0,-40.0,15.918,8.196,20.452,10.0,12.0,41.34,SAFE
2026-07-22T01:06:42.926942+00:00,1,6,39,315,safe_continuous_overlapping_surveillance,-39.772,7.85,12.975,-36.0,12.0,-2.263,-29.815,16.482,0.0,-40.0,15.281,8.605,20.465,10.0,12.0,42.42,SAFE
2026-07-22T01:06:44.621986+00:00,1,6,40,316,safe_continuous_overlapping_surveillance,-39.336,8.331,12.945,-36.0,12.0,-2.002,-30.993,16.467,0.0,-40.0,14.67,8.998,20.48,10.0,12.0,43.51,SAFE
2026-07-22T01:06:48.647386+00:00,1,6,41,317,safe_continuous_overlapping_surveillance,-38.919,8.789,12.915,-36.0,12.0,-1.752,-32.118,16.454,0.0,-40.0,14.087,9.373,20.495,10.0,12.0,44.59,SAFE
2026-07-22T01:06:50.313472+00:00,1,6,42,318,safe_continuous_overlapping_surveillance,-38.524,9.224,12.885,-36.0,12.0,-1.514,-33.185,16.443,0.0,-40.0,13.534,9.728,20.512,10.0,12.0,45.66,SAFE
2026-07-22T01:06:54.393609+00:00,1,6,43,319,safe_continuous_overlapping_surveillance,-38.152,9.633,12.856,-36.0,12.0,-1.291,-34.191,16.432,0.0,-40.0,13.012,10.064,20.53,10.0,12.0,46.69,SAFE
2026-07-22T01:06:56.092599+00:00,1,6,44,320,safe_continuous_overlapping_surveillance,-37.804,10.016,12.827,-36.0,12.0,-1.082,-35.13,16.423,0.0,-40.0,12.525,10.377,20.549,10.0,12.0,47.68,SAFE
2026-07-22T01:07:00.245614+00:00,1,6,45,321,safe_continuous_overlapping_surveillance,-37.481,10.37,12.799,-36.0,12.0,-0.889,-36.0,16.416,0.0,-40.0,12.074,10.667,20.57,10.0,12.0,48.61,SAFE
2026-07-22T01:07:02.050939+00:00,1,6,46,322,safe_continuous_overlapping_surveillance,-37.187,10.695,12.771,-36.0,12.0,-0.712,-36.796,16.41,0.0,-40.0,11.662,10.932,20.591,10.0,12.0,49.47,SAFE
2026-07-22T01:07:03.843967+00:00,1,6,47,323,safe_continuous_overlapping_surveillance,-36.921,10.987,12.743,-36.0,12.0,-0.553,-37.513,16.405,0.0,-40.0,11.29,11.171,20.614,10.0,12.0,48.85,SAFE
2026-07-22T01:07:07.951756+00:00,1,6,48,324,safe_continuous_overlapping_surveillance,-36.686,11.246,12.717,-36.0,12.0,-0.412,-38.148,16.402,0.0,-40.0,10.96,11.383,20.637,10.0,12.0,48.3,SAFE
2026-07-22T01:07:12.073606+00:00,1,6,49,325,safe_continuous_overlapping_surveillance,-36.483,11.469,12.69,-36.0,12.0,-0.29,-38.697,16.4,0.0,-40.0,10.676,11.566,20.661,10.0,12.0,47.83,SAFE
2026-07-22T01:07:13.869622+00:00,1,6,50,326,safe_continuous_overlapping_surveillance,-36.313,11.656,12.665,-36.0,12.0,-0.188,-39.155,16.4,0.0,-40.0,10.438,11.718,20.687,10.0,12.0,47.43,SAFE
2026-07-22T01:07:15.863686+00:00,1,6,51,327,safe_continuous_overlapping_surveillance,-36.178,11.804,12.641,-36.0,12.0,-0.107,-39.519,16.402,0.0,-40.0,10.25,11.84,20.713,10.0,12.0,47.12,SAFE
2026-07-22T01:07:17.728471+00:00,1,6,52,328,safe_continuous_overlapping_surveillance,-36.08,11.912,12.617,-36.0,12.0,-0.048,-39.783,16.404,0.0,-40.0,10.112,11.928,20.739,10.0,12.0,46.9,SAFE
2026-07-22T01:07:19.432783+00:00,1,6,53,329,safe_continuous_overlapping_surveillance,-36.02,11.978,12.595,-36.0,12.0,-0.012,-39.945,16.409,0.0,-40.0,10.028,11.982,20.767,10.0,12.0,46.77,SAFE
2026-07-22T01:07:23.522289+00:00,1,6,54,330,safe_continuous_overlapping_surveillance,-36.0,12.0,12.573,-36.0,12.0,0.0,-40.0,16.415,0.0,-40.0,10.0,12.0,20.795,10.0,12.0,46.73,SAFE
2026-07-22T01:07:27.565019+00:00,1,7,0,331,safe_continuous_overlapping_surveillance,-36.0,12.0,12.552,8.0,-32.0,0.0,-40.0,16.422,22.0,-16.0,10.0,12.0,20.823,-8.0,-18.0,46.74,SAFE
2026-07-22T01:07:34.137034+00:00,1,7,1,332,safe_continuous_overlapping_surveillance,-35.955,11.955,12.533,8.0,-32.0,0.022,-39.976,16.431,22.0,-16.0,9.982,11.97,20.852,-8.0,-18.0,46.68,SAFE
2026-07-22T01:07:35.957083+00:00,1,7,2,333,safe_continuous_overlapping_surveillance,-35.823,11.823,12.515,8.0,-32.0,0.088,-39.904,16.441,22.0,-16.0,9.928,11.88,20.881,-8.0,-18.0,46.51,SAFE
2026-07-22T01:07:40.126841+00:00,1,7,3,334,safe_continuous_overlapping_surveillance,-35.608,11.608,12.498,8.0,-32.0,0.196,-39.786,16.452,22.0,-16.0,9.84,11.733,20.911,-8.0,-18.0,46.22,SAFE
2026-07-22T01:07:44.375781+00:00,1,7,4,335,safe_continuous_overlapping_surveillance,-35.311,11.311,12.482,8.0,-32.0,0.344,-39.624,16.465,22.0,-16.0,9.718,11.531,20.94,-8.0,-18.0,45.82,SAFE
2026-07-22T01:07:48.441663+00:00,1,7,5,336,safe_continuous_overlapping_surveillance,-34.938,10.938,12.467,8.0,-32.0,0.531,-39.421,16.48,22.0,-16.0,9.566,11.276,20.97,-8.0,-18.0,45.31,SAFE
2026-07-22T01:07:50.266714+00:00,1,7,6,337,safe_continuous_overlapping_surveillance,-34.491,10.491,12.454,8.0,-32.0,0.754,-39.177,16.495,22.0,-16.0,9.383,10.971,21.0,-8.0,-18.0,44.7,SAFE
2026-07-22T01:07:52.010821+00:00,1,7,7,338,safe_continuous_overlapping_surveillance,-33.974,9.974,12.443,8.0,-32.0,1.013,-38.895,16.512,22.0,-16.0,9.171,10.618,21.03,-8.0,-18.0,44.0,SAFE
2026-07-22T01:07:54.074694+00:00,1,7,8,339,safe_continuous_overlapping_surveillance,-33.389,9.389,12.432,8.0,-32.0,1.305,-38.576,16.53,22.0,-16.0,8.932,10.22,21.06,-8.0,-18.0,43.2,SAFE
2026-07-22T01:07:58.159210+00:00,1,7,9,340,safe_continuous_overlapping_surveillance,-32.741,8.741,12.423,8.0,-32.0,1.63,-38.222,16.549,22.0,-16.0,8.667,9.778,21.09,-8.0,-18.0,42.32,SAFE
2026-07-22T01:07:59.996388+00:00,1,7,10,341,safe_continuous_overlapping_surveillance,-32.032,8.032,12.416,8.0,-32.0,1.984,-37.836,16.57,22.0,-16.0,8.377,9.295,21.119,-8.0,-18.0,41.35,SAFE
2026-07-22T01:08:01.777819+00:00,1,7,11,342,safe_continuous_overlapping_surveillance,-31.266,7.266,12.41,8.0,-32.0,2.367,-37.418,16.591,22.0,-16.0,8.064,8.773,21.149,-8.0,-18.0,40.32,SAFE
2026-07-22T01:08:03.659174+00:00,1,7,12,343,safe_continuous_overlapping_surveillance,-30.447,6.447,12.405,8.0,-32.0,2.776,-36.971,16.614,22.0,-16.0,7.728,8.214,21.178,-8.0,-18.0,39.21,SAFE
2026-07-22T01:08:05.485961+00:00,1,7,13,344,safe_continuous_overlapping_surveillance,-29.578,5.578,12.402,8.0,-32.0,3.211,-36.497,16.637,22.0,-16.0,7.373,7.621,21.206,-8.0,-18.0,38.04,SAFE
2026-07-22T01:08:07.217668+00:00,1,7,14,345,safe_continuous_overlapping_surveillance,-28.661,4.661,12.4,8.0,-32.0,3.669,-35.997,16.661,22.0,-16.0,6.998,6.996,21.234,-8.0,-18.0,36.81,SAFE
2026-07-22T01:08:09.056049+00:00,1,7,15,346,safe_continuous_overlapping_surveillance,-27.701,3.701,12.4,8.0,-32.0,4.15,-35.473,16.687,22.0,-16.0,6.605,6.342,21.261,-8.0,-18.0,35.53,SAFE
2026-07-22T01:08:11.019966+00:00,1,7,16,347,safe_continuous_overlapping_surveillance,-26.701,2.701,12.402,8.0,-32.0,4.65,-34.928,16.713,22.0,-16.0,6.196,5.66,21.288,-8.0,-18.0,34.2,SAFE
2026-07-22T01:08:13.015530+00:00,1,7,17,348,safe_continuous_overlapping_surveillance,-25.663,1.663,12.404,8.0,-32.0,5.168,-34.362,16.739,22.0,-16.0,5.771,4.952,21.314,-8.0,-18.0,32.84,SAFE
2026-07-22T01:08:14.914197+00:00,1,7,18,349,safe_continuous_overlapping_surveillance,-24.593,0.593,12.409,8.0,-32.0,5.704,-33.778,16.767,22.0,-16.0,5.333,4.222,21.339,-8.0,-18.0,31.44,SAFE
2026-07-22T01:08:19.077669+00:00,1,7,19,350,safe_continuous_overlapping_surveillance,-23.492,-0.508,12.415,8.0,-32.0,6.254,-33.177,16.795,22.0,-16.0,4.883,3.472,21.363,-8.0,-18.0,30.02,SAFE
2026-07-22T01:08:20.894000+00:00,1,7,20,351,safe_continuous_overlapping_surveillance,-22.364,-1.636,12.422,8.0,-32.0,6.818,-32.562,16.823,22.0,-16.0,4.422,2.703,21.387,-8.0,-18.0,28.58,SAFE
2026-07-22T01:08:25.039325+00:00,1,7,21,352,safe_continuous_overlapping_surveillance,-21.213,-2.787,12.431,8.0,-32.0,7.394,-31.934,16.852,22.0,-16.0,3.951,1.918,21.409,-8.0,-18.0,27.13,SAFE
2026-07-22T01:08:26.920165+00:00,1,7,22,353,safe_continuous_overlapping_surveillance,-20.041,-3.959,12.441,8.0,-32.0,7.979,-31.295,16.881,22.0,-16.0,3.471,1.119,21.431,-8.0,-18.0,25.68,SAFE
2026-07-22T01:08:30.935121+00:00,1,7,23,354,safe_continuous_overlapping_surveillance,-18.853,-5.147,12.452,8.0,-32.0,8.573,-30.647,16.911,22.0,-16.0,2.985,0.309,21.451,-8.0,-18.0,24.24,SAFE
2026-07-22T01:08:32.753448+00:00,1,7,24,355,safe_continuous_overlapping_surveillance,-17.652,-6.348,12.465,8.0,-32.0,9.174,-29.992,16.94,22.0,-16.0,2.494,-0.51,21.47,-8.0,-18.0,22.83,SAFE
2026-07-22T01:08:34.606982+00:00,1,7,25,356,safe_continuous_overlapping_surveillance,-16.44,-7.56,12.48,8.0,-32.0,9.78,-29.331,16.97,22.0,-16.0,1.998,-1.336,21.488,-8.0,-18.0,21.44,SAFE
2026-07-22T01:08:36.492872+00:00,1,7,26,357,safe_continuous_overlapping_surveillance,-15.222,-8.778,12.495,8.0,-32.0,10.389,-28.666,17.0,22.0,-16.0,1.5,-2.167,21.505,-8.0,-18.0,20.11,SAFE
2026-07-22T01:08:38.333628+00:00,1,7,27,358,safe_continuous_overlapping_surveillance,-14.0,-10.0,12.512,8.0,-32.0,11.0,-28.0,17.03,22.0,-16.0,1.0,-3.0,21.521,-8.0,-18.0,18.85,SAFE
2026-07-22T01:08:45.030285+00:00,1,7,28,359,safe_continuous_overlapping_surveillance,-12.778,-11.222,12.53,8.0,-32.0,11.611,-27.334,17.06,22.0,-16.0,0.5,-3.833,21.535,-8.0,-18.0,17.66,SAFE
2026-07-22T01:08:46.909678+00:00,1,7,29,360,safe_continuous_overlapping_surveillance,-11.56,-12.44,12.549,8.0,-32.0,12.22,-26.669,17.09,22.0,-16.0,0.002,-4.664,21.548,-8.0,-18.0,16.59,SAFE
2026-07-22T01:08:48.726429+00:00,1,7,30,361,safe_continuous_overlapping_surveillance,-10.348,-13.652,12.57,8.0,-32.0,12.826,-26.008,17.119,22.0,-16.0,-0.494,-5.49,21.559,-8.0,-18.0,15.64,SAFE
2026-07-22T01:08:55.340124+00:00,1,7,31,362,safe_continuous_overlapping_surveillance,-9.147,-14.853,12.591,8.0,-32.0,13.427,-25.353,17.149,22.0,-16.0,-0.985,-6.309,21.569,-8.0,-18.0,14.84,SAFE
2026-07-22T01:08:59.432519+00:00,1,7,32,363,safe_continuous_overlapping_surveillance,-7.959,-16.041,12.614,8.0,-32.0,14.021,-24.705,17.178,22.0,-16.0,-1.471,-7.119,21.578,-8.0,-18.0,14.21,SAFE
2026-07-22T01:09:01.217709+00:00,1,7,33,364,safe_continuous_overlapping_surveillance,-6.787,-17.213,12.637,8.0,-32.0,14.606,-24.066,17.206,22.0,-16.0,-1.951,-7.918,21.585,-8.0,-18.0,13.78,SAFE
2026-07-22T01:09:03.141657+00:00,1,7,34,365,safe_continuous_overlapping_surveillance,-5.636,-18.364,12.661,8.0,-32.0,15.182,-23.438,17.234,22.0,-16.0,-2.422,-8.703,21.591,-8.0,-18.0,13.54,SAFE
2026-07-22T01:09:04.891716+00:00,1,7,35,366,safe_continuous_overlapping_surveillance,-4.508,-19.492,12.687,8.0,-32.0,15.746,-22.823,17.261,22.0,-16.0,-2.883,-9.472,21.596,-8.0,-18.0,13.51,SAFE
2026-07-22T01:09:06.760447+00:00,1,7,36,367,safe_continuous_overlapping_surveillance,-3.407,-20.593,12.713,8.0,-32.0,16.296,-22.222,17.288,22.0,-16.0,-3.333,-10.222,21.599,-8.0,-18.0,13.66,SAFE
2026-07-22T01:09:10.901634+00:00,1,7,37,368,safe_continuous_overlapping_surveillance,-2.337,-21.663,12.739,8.0,-32.0,16.832,-21.638,17.314,22.0,-16.0,-3.771,-10.952,21.6,-8.0,-18.0,13.97,SAFE
2026-07-22T01:09:12.792847+00:00,1,7,38,369,safe_continuous_overlapping_surveillance,-1.299,-22.701,12.767,8.0,-32.0,17.35,-21.072,17.339,22.0,-16.0,-4.196,-11.66,21.6,-8.0,-18.0,14.43,SAFE
2026-07-22T01:09:14.649622+00:00,1,7,39,370,safe_continuous_overlapping_surveillance,-0.299,-23.701,12.795,8.0,-32.0,17.85,-20.527,17.363,22.0,-16.0,-4.605,-12.342,21.598,-8.0,-18.0,15.0,SAFE
2026-07-22T01:09:18.742631+00:00,1,7,40,371,safe_continuous_overlapping_surveillance,0.661,-24.661,12.823,8.0,-32.0,18.331,-20.003,17.387,22.0,-16.0,-4.998,-12.996,21.595,-8.0,-18.0,15.65,SAFE
2026-07-22T01:09:22.917695+00:00,1,7,41,372,safe_continuous_overlapping_surveillance,1.578,-25.578,12.852,8.0,-32.0,18.789,-19.503,17.409,22.0,-16.0,-5.373,-13.621,21.59,-8.0,-18.0,16.36,SAFE
2026-07-22T01:09:27.087241+00:00,1,7,42,373,safe_continuous_overlapping_surveillance,2.447,-26.447,12.881,8.0,-32.0,19.224,-19.029,17.431,22.0,-16.0,-5.728,-14.214,21.584,-8.0,-18.0,17.09,SAFE
2026-07-22T01:09:28.819445+00:00,1,7,43,374,safe_continuous_overlapping_surveillance,3.266,-27.266,12.911,8.0,-32.0,19.633,-18.582,17.451,22.0,-16.0,-6.064,-14.773,21.577,-8.0,-18.0,17.84,SAFE
2026-07-22T01:09:32.841632+00:00,1,7,44,375,safe_continuous_overlapping_surveillance,4.032,-28.032,12.94,8.0,-32.0,20.016,-18.164,17.47,22.0,-16.0,-6.377,-15.295,21.568,-8.0,-18.0,18.57,SAFE
2026-07-22T01:09:34.660388+00:00,1,7,45,376,safe_continuous_overlapping_surveillance,4.741,-28.741,12.97,8.0,-32.0,20.37,-17.778,17.488,22.0,-16.0,-6.667,-15.778,21.557,-8.0,-18.0,19.28,SAFE
2026-07-22T01:09:38.773663+00:00,1,7,46,377,safe_continuous_overlapping_surveillance,5.389,-29.389,13.0,8.0,-32.0,20.695,-17.424,17.505,22.0,-16.0,-6.932,-16.22,21.545,-8.0,-18.0,19.94,SAFE
2026-07-22T01:09:40.357699+00:00,1,7,47,378,safe_continuous_overlapping_surveillance,5.974,-29.974,13.03,8.0,-32.0,20.987,-17.105,17.521,22.0,-16.0,-7.171,-16.618,21.532,-8.0,-18.0,20.28,SAFE
2026-07-22T01:09:42.210924+00:00,1,7,48,379,safe_continuous_overlapping_surveillance,6.491,-30.491,13.06,8.0,-32.0,21.246,-16.823,17.535,22.0,-16.0,-7.383,-16.971,21.518,-8.0,-18.0,20.6,SAFE
2026-07-22T01:09:44.207693+00:00,1,7,49,380,safe_continuous_overlapping_surveillance,6.938,-30.938,13.09,8.0,-32.0,21.469,-16.579,17.548,22.0,-16.0,-7.566,-17.276,21.502,-8.0,-18.0,20.91,SAFE
2026-07-22T01:09:45.999872+00:00,1,7,50,381,safe_continuous_overlapping_surveillance,7.311,-31.311,13.119,8.0,-32.0,21.656,-16.376,17.559,22.0,-16.0,-7.718,-17.531,21.485,-8.0,-18.0,21.18,SAFE
2026-07-22T01:09:49.965654+00:00,1,7,51,382,safe_continuous_overlapping_surveillance,7.608,-31.608,13.149,8.0,-32.0,21.804,-16.214,17.569,22.0,-16.0,-7.84,-17.733,21.467,-8.0,-18.0,21.4,SAFE
2026-07-22T01:09:51.819695+00:00,1,7,52,383,safe_continuous_overlapping_surveillance,7.823,-31.823,13.178,8.0,-32.0,21.912,-16.096,17.578,22.0,-16.0,-7.928,-17.88,21.447,-8.0,-18.0,21.57,SAFE
2026-07-22T01:09:53.672353+00:00,1,7,53,384,safe_continuous_overlapping_surveillance,7.955,-31.955,13.206,8.0,-32.0,21.978,-16.024,17.585,22.0,-16.0,-7.982,-17.97,21.427,-8.0,-18.0,21.67,SAFE
2026-07-22T01:10:02.530987+00:00,1,7,54,385,safe_continuous_overlapping_surveillance,8.0,-32.0,13.234,8.0,-32.0,22.0,-16.0,17.591,22.0,-16.0,-8.0,-18.0,21.405,-8.0,-18.0,21.7,SAFE
2026-07-22T01:10:06.632460+00:00,1,8,0,386,safe_continuous_overlapping_surveillance,8.0,-32.0,13.261,-52.0,-38.0,22.0,-16.0,17.596,-28.0,12.0,-8.0,-18.0,21.382,28.0,-36.0,21.7,SAFE
2026-07-22T01:10:08.410239+00:00,1,8,1,387,safe_continuous_overlapping_surveillance,7.939,-32.006,13.288,-52.0,-38.0,21.949,-15.972,17.599,-28.0,12.0,-7.963,-18.018,21.359,28.0,-36.0,21.72,SAFE
2026-07-22T01:10:10.257769+00:00,1,8,2,388,safe_continuous_overlapping_surveillance,7.759,-32.024,13.314,-52.0,-38.0,21.799,-15.888,17.6,-28.0,12.0,-7.856,-18.072,21.334,28.0,-36.0,21.81,SAFE
2026-07-22T01:10:12.261656+00:00,1,8,3,389,safe_continuous_overlapping_surveillance,7.465,-32.053,13.339,-52.0,-38.0,21.554,-15.75,17.6,-28.0,12.0,-7.679,-18.16,21.309,28.0,-36.0,21.96,SAFE
2026-07-22T01:10:14.268435+00:00,1,8,4,390,safe_continuous_overlapping_surveillance,7.061,-32.094,13.363,-52.0,-38.0,21.218,-15.562,17.598,-28.0,12.0,-7.437,-18.282,21.283,28.0,-36.0,21.53,SAFE
2026-07-22T01:10:16.267780+00:00,1,8,5,391,safe_continuous_overlapping_surveillance,6.552,-32.145,13.387,-52.0,-38.0,20.793,-15.324,17.595,-28.0,12.0,-7.131,-18.434,21.256,28.0,-36.0,20.91,SAFE
2026-07-22T01:10:18.278109+00:00,1,8,6,392,safe_continuous_overlapping_surveillance,5.942,-32.206,13.409,-52.0,-38.0,20.285,-15.04,17.59,-28.0,12.0,-6.765,-18.617,21.229,28.0,-36.0,20.18,SAFE
2026-07-22T01:10:20.291455+00:00,1,8,7,393,safe_continuous_overlapping_surveillance,5.237,-32.276,13.431,-52.0,-38.0,19.697,-14.71,17.584,-28.0,12.0,-6.342,-18.829,21.201,28.0,-36.0,19.37,SAFE
2026-07-22T01:10:26.719254+00:00,1,8,8,394,safe_continuous_overlapping_surveillance,4.44,-32.356,13.451,-52.0,-38.0,19.033,-14.338,17.577,-28.0,12.0,-5.864,-19.068,21.172,28.0,-36.0,18.5,SAFE
2026-07-22T01:10:28.551511+00:00,1,8,9,395,safe_continuous_overlapping_surveillance,3.556,-32.444,13.47,-52.0,-38.0,18.296,-13.926,17.568,-28.0,12.0,-5.333,-19.333,21.143,28.0,-36.0,17.6,SAFE
2026-07-22T01:10:30.313661+00:00,1,8,10,396,safe_continuous_overlapping_surveillance,2.589,-32.541,13.488,-52.0,-38.0,17.491,-13.475,17.557,-28.0,12.0,-4.754,-19.623,21.114,28.0,-36.0,16.7,SAFE
2026-07-22T01:10:34.545619+00:00,1,8,11,397,safe_continuous_overlapping_surveillance,1.545,-32.645,13.505,-52.0,-38.0,16.621,-12.988,17.545,-28.0,12.0,-4.127,-19.936,21.084,28.0,-36.0,15.85,SAFE
2026-07-22T01:10:36.398020+00:00,1,8,12,398,safe_continuous_overlapping_surveillance,0.428,-32.757,13.521,-52.0,-38.0,15.69,-12.466,17.532,-28.0,12.0,-3.457,-20.272,21.055,28.0,-36.0,15.09,SAFE
2026-07-22T01:10:40.724836+00:00,1,8,13,399,safe_continuous_overlapping_surveillance,-0.758,-32.876,13.535,-52.0,-38.0,14.702,-11.913,17.518,-28.0,12.0,-2.745,-20.627,21.025,28.0,-36.0,14.49,SAFE
2026-07-22T01:10:44.769095+00:00,1,8,14,400,safe_continuous_overlapping_surveillance,-2.008,-33.001,13.548,-52.0,-38.0,13.66,-11.33,17.502,-28.0,12.0,-1.995,-21.002,20.995,28.0,-36.0,14.12,SAFE
2026-07-22T01:10:46.613632+00:00,1,8,15,401,safe_continuous_overlapping_surveillance,-3.317,-33.132,13.559,-52.0,-38.0,12.569,-10.719,17.485,-28.0,12.0,-1.21,-21.395,20.965,28.0,-36.0,14.04,SAFE
2026-07-22T01:10:50.591590+00:00,1,8,16,402,safe_continuous_overlapping_surveillance,-4.681,-33.268,13.569,-52.0,-38.0,11.433,-10.082,17.467,-28.0,12.0,-0.391,-21.804,20.935,28.0,-36.0,14.29,SAFE
2026-07-22T01:10:52.399605+00:00,1,8,17,403,safe_continuous_overlapping_surveillance,-6.095,-33.41,13.578,-52.0,-38.0,10.254,-9.422,17.447,-28.0,12.0,0.457,-22.229,20.905,28.0,-36.0,14.89,SAFE
2026-07-22T01:10:56.443207+00:00,1,8,18,404,safe_continuous_overlapping_surveillance,-7.556,-33.556,13.585,-52.0,-38.0,9.037,-8.741,17.427,-28.0,12.0,1.333,-22.667,20.876,28.0,-36.0,15.83,SAFE
2026-07-22T01:11:00.472990+00:00,1,8,19,405,safe_continuous_overlapping_surveillance,-9.057,-33.706,13.591,-52.0,-38.0,7.786,-8.04,17.405,-28.0,12.0,2.234,-23.117,20.846,28.0,-36.0,16.43,SAFE
2026-07-22T01:11:02.149804+00:00,1,8,20,406,safe_continuous_overlapping_surveillance,-10.595,-33.859,13.596,-52.0,-38.0,6.504,-7.322,17.382,-28.0,12.0,3.157,-23.578,20.818,28.0,-36.0,16.95,SAFE
2026-07-22T01:11:08.381631+00:00,1,8,21,407,safe_continuous_overlapping_surveillance,-12.165,-34.016,13.599,-52.0,-38.0,5.196,-6.59,17.359,-28.0,12.0,4.099,-24.049,20.789,28.0,-36.0,17.83,SAFE
2026-07-22T01:11:12.576291+00:00,1,8,22,408,safe_continuous_overlapping_surveillance,-13.762,-34.176,13.6,-52.0,-38.0,3.865,-5.844,17.334,-28.0,12.0,5.057,-24.529,20.761,28.0,-36.0,19.03,SAFE
2026-07-22T01:11:14.432339+00:00,1,8,23,409,safe_continuous_overlapping_surveillance,-15.382,-34.338,13.6,-52.0,-38.0,2.515,-5.088,17.309,-28.0,12.0,6.029,-25.015,20.734,28.0,-36.0,20.52,SAFE
2026-07-22T01:11:16.245609+00:00,1,8,24,410,safe_continuous_overlapping_surveillance,-17.021,-34.502,13.598,-52.0,-38.0,1.15,-4.324,17.283,-28.0,12.0,7.012,-25.506,20.708,28.0,-36.0,22.24,SAFE
2026-07-22T01:11:22.549651+00:00,1,8,25,411,safe_continuous_overlapping_surveillance,-18.673,-34.667,13.595,-52.0,-38.0,-0.227,-3.553,17.256,-28.0,12.0,8.004,-26.002,20.682,28.0,-36.0,24.15,SAFE
2026-07-22T01:11:24.267995+00:00,1,8,26,412,safe_continuous_overlapping_surveillance,-20.334,-34.833,13.59,-52.0,-38.0,-1.612,-2.777,17.229,-28.0,12.0,9.0,-26.5,20.657,28.0,-36.0,26.21,SAFE
2026-07-22T01:11:25.921839+00:00,1,8,27,413,safe_continuous_overlapping_surveillance,-22.0,-35.0,13.584,-52.0,-38.0,-3.0,-2.0,17.201,-28.0,12.0,10.0,-27.0,20.633,28.0,-36.0,28.39,SAFE
2026-07-22T01:11:32.260105+00:00,1,8,28,414,safe_continuous_overlapping_surveillance,-23.666,-35.167,13.577,-52.0,-38.0,-4.388,-1.223,17.172,-28.0,12.0,11.0,-27.5,20.609,28.0,-36.0,30.64,SAFE
2026-07-22T01:11:33.924502+00:00,1,8,29,415,safe_continuous_overlapping_surveillance,-25.327,-35.333,13.568,-52.0,-38.0,-5.773,-0.447,17.143,-28.0,12.0,11.996,-27.998,20.587,28.0,-36.0,32.96,SAFE
2026-07-22T01:11:35.595189+00:00,1,8,30,416,safe_continuous_overlapping_surveillance,-26.979,-35.498,13.557,-52.0,-38.0,-7.15,0.324,17.114,-28.0,12.0,12.988,-28.494,20.566,28.0,-36.0,35.33,SAFE
2026-07-22T01:11:37.425426+00:00,1,8,31,417,safe_continuous_overlapping_surveillance,-28.618,-35.662,13.545,-52.0,-38.0,-8.515,1.088,17.084,-28.0,12.0,13.971,-28.985,20.546,28.0,-36.0,37.71,SAFE
2026-07-22T01:11:39.070137+00:00,1,8,32,418,safe_continuous_overlapping_surveillance,-30.238,-35.824,13.532,-52.0,-38.0,-9.865,1.844,17.055,-28.0,12.0,14.943,-29.471,20.527,28.0,-36.0,40.1,SAFE
2026-07-22T01:11:40.753276+00:00,1,8,33,419,safe_continuous_overlapping_surveillance,-31.835,-35.984,13.518,-52.0,-38.0,-11.196,2.59,17.025,-28.0,12.0,15.901,-29.951,20.509,28.0,-36.0,42.49,SAFE
2026-07-22T01:11:47.079470+00:00,1,8,34,420,safe_continuous_overlapping_surveillance,-33.405,-36.141,13.502,-52.0,-38.0,-12.504,3.322,16.995,-28.0,12.0,16.843,-30.422,20.492,28.0,-36.0,44.79,SAFE
2026-07-22T01:11:48.729190+00:00,1,8,35,421,safe_continuous_overlapping_surveillance,-34.943,-36.294,13.485,-52.0,-38.0,-13.786,4.04,16.965,-28.0,12.0,17.766,-30.883,20.477,28.0,-36.0,45.68,SAFE
2026-07-22T01:11:50.465603+00:00,1,8,36,422,safe_continuous_overlapping_surveillance,-36.444,-36.444,13.467,-52.0,-38.0,-15.037,4.741,16.935,-28.0,12.0,18.667,-31.333,20.463,28.0,-36.0,46.55,SAFE
2026-07-22T01:11:54.501350+00:00,1,8,37,423,safe_continuous_overlapping_surveillance,-37.905,-36.59,13.447,-52.0,-38.0,-16.254,5.422,16.905,-28.0,12.0,19.543,-31.771,20.45,28.0,-36.0,47.39,SAFE
2026-07-22T01:11:56.337660+00:00,1,8,38,424,safe_continuous_overlapping_surveillance,-39.319,-36.732,13.427,-52.0,-38.0,-17.433,6.082,16.876,-28.0,12.0,20.391,-32.196,20.439,28.0,-36.0,48.21,SAFE
2026-07-22T01:12:02.768630+00:00,1,8,39,425,safe_continuous_overlapping_surveillance,-40.683,-36.868,13.405,-52.0,-38.0,-18.569,6.719,16.846,-28.0,12.0,21.21,-32.605,20.429,28.0,-36.0,49.0,SAFE
2026-07-22T01:12:06.673604+00:00,1,8,40,426,safe_continuous_overlapping_surveillance,-41.992,-36.999,13.382,-52.0,-38.0,-19.66,7.33,16.818,-28.0,12.0,21.995,-32.998,20.42,28.0,-36.0,49.76,SAFE
2026-07-22T01:12:08.474456+00:00,1,8,41,427,safe_continuous_overlapping_surveillance,-43.242,-37.124,13.359,-52.0,-38.0,-20.702,7.913,16.789,-28.0,12.0,22.745,-33.373,20.413,28.0,-36.0,50.48,SAFE
2026-07-22T01:12:14.830091+00:00,1,8,42,428,safe_continuous_overlapping_surveillance,-44.428,-37.243,13.334,-52.0,-38.0,-21.69,8.466,16.761,-28.0,12.0,23.457,-33.728,20.408,28.0,-36.0,51.17,SAFE
2026-07-22T01:12:18.912943+00:00,1,8,43,429,safe_continuous_overlapping_surveillance,-45.545,-37.355,13.309,-52.0,-38.0,-22.621,8.988,16.734,-28.0,12.0,24.127,-34.064,20.404,28.0,-36.0,51.82,SAFE
2026-07-22T01:12:20.536604+00:00,1,8,44,430,safe_continuous_overlapping_surveillance,-46.589,-37.459,13.283,-52.0,-38.0,-23.491,9.475,16.708,-28.0,12.0,24.754,-34.377,20.401,28.0,-36.0,52.42,SAFE
2026-07-22T01:12:22.229658+00:00,1,8,45,431,safe_continuous_overlapping_surveillance,-47.556,-37.556,13.256,-52.0,-38.0,-24.296,9.926,16.682,-28.0,12.0,25.333,-34.667,20.4,28.0,-36.0,52.98,SAFE
2026-07-22T01:12:24.064773+00:00,1,8,46,432,safe_continuous_overlapping_surveillance,-48.44,-37.644,13.229,-52.0,-38.0,-25.033,10.338,16.657,-28.0,12.0,25.864,-34.932,20.4,28.0,-36.0,53.5,SAFE
2026-07-22T01:12:28.206056+00:00,1,8,47,433,safe_continuous_overlapping_surveillance,-49.237,-37.724,13.201,-52.0,-38.0,-25.697,10.71,16.633,-28.0,12.0,26.342,-35.171,20.402,28.0,-36.0,53.96,SAFE
2026-07-22T01:12:30.019165+00:00,1,8,48,434,safe_continuous_overlapping_surveillance,-49.942,-37.794,13.172,-52.0,-38.0,-26.285,11.04,16.609,-28.0,12.0,26.765,-35.383,20.406,28.0,-36.0,54.37,SAFE
2026-07-22T01:12:31.673604+00:00,1,8,49,435,safe_continuous_overlapping_surveillance,-50.552,-37.855,13.143,-52.0,-38.0,-26.793,11.324,16.587,-28.0,12.0,27.131,-35.566,20.411,28.0,-36.0,54.73,SAFE
2026-07-22T01:12:33.381616+00:00,1,8,50,436,safe_continuous_overlapping_surveillance,-51.061,-37.906,13.114,-52.0,-38.0,-27.218,11.562,16.566,-28.0,12.0,27.437,-35.718,20.417,28.0,-36.0,55.02,SAFE
2026-07-22T01:12:35.161601+00:00,1,8,51,437,safe_continuous_overlapping_surveillance,-51.465,-37.947,13.084,-52.0,-38.0,-27.554,11.75,16.546,-28.0,12.0,27.679,-35.84,20.425,28.0,-36.0,55.26,SAFE
2026-07-22T01:12:39.215376+00:00,1,8,52,438,safe_continuous_overlapping_surveillance,-51.759,-37.976,13.055,-52.0,-38.0,-27.799,11.888,16.527,-28.0,12.0,27.856,-35.928,20.434,28.0,-36.0,55.43,SAFE
2026-07-22T01:12:43.241623+00:00,1,8,53,439,safe_continuous_overlapping_surveillance,-51.939,-37.994,13.025,-52.0,-38.0,-27.949,11.972,16.509,-28.0,12.0,27.963,-35.982,20.445,28.0,-36.0,55.54,SAFE
2026-07-22T01:12:44.956910+00:00,1,8,54,440,safe_continuous_overlapping_surveillance,-52.0,-38.0,12.995,-52.0,-38.0,-28.0,12.0,16.492,-28.0,12.0,28.0,-36.0,20.457,28.0,-36.0,55.57,SAFE
