timestamp_utc,loop,segment,step,phase,drone_1_x,drone_1_y,drone_1_z,drone_1_zone,drone_2_x,drone_2_y,drone_2_z,drone_2_zone,drone_3_x,drone_3_y,drone_3_z,drone_3_zone,minimum_3d_separation_m
2026-07-21T23:07:47.343065+00:00,1,1,0,takeoff,-30.0,-38.0,1.0,LEFT_FLANK_SURVEILLANCE,0.0,-38.0,1.0,CENTER_ROAD_SURVEILLANCE,30.0,-38.0,1.0,RIGHT_OVERWATCH_SURVEILLANCE,30.0
2026-07-21T23:07:49.231775+00:00,1,1,1,takeoff,-30.0,-38.0,1.647,LEFT_FLANK_SURVEILLANCE,0.0,-38.0,1.882,CENTER_ROAD_SURVEILLANCE,30.0,-38.0,2.118,RIGHT_OVERWATCH_SURVEILLANCE,30.0
2026-07-21T23:07:50.981254+00:00,1,1,2,takeoff,-30.0,-38.0,2.294,LEFT_FLANK_SURVEILLANCE,0.0,-38.0,2.765,CENTER_ROAD_SURVEILLANCE,30.0,-38.0,3.235,RIGHT_OVERWATCH_SURVEILLANCE,30.0
2026-07-21T23:07:55.707404+00:00,1,1,3,takeoff,-30.0,-38.0,2.941,LEFT_FLANK_SURVEILLANCE,0.0,-38.0,3.647,CENTER_ROAD_SURVEILLANCE,30.0,-38.0,4.353,RIGHT_OVERWATCH_SURVEILLANCE,30.01
2026-07-21T23:07:57.610784+00:00,1,1,4,takeoff,-30.0,-38.0,3.588,LEFT_FLANK_SURVEILLANCE,0.0,-38.0,4.529,CENTER_ROAD_SURVEILLANCE,30.0,-38.0,5.471,RIGHT_OVERWATCH_SURVEILLANCE,30.01
2026-07-21T23:08:02.264665+00:00,1,1,5,takeoff,-30.0,-38.0,4.235,LEFT_FLANK_SURVEILLANCE,0.0,-38.0,5.412,CENTER_ROAD_SURVEILLANCE,30.0,-38.0,6.588,RIGHT_OVERWATCH_SURVEILLANCE,30.02
2026-07-21T23:08:04.005625+00:00,1,1,6,takeoff,-30.0,-38.0,4.882,LEFT_FLANK_SURVEILLANCE,0.0,-38.0,6.294,CENTER_ROAD_SURVEILLANCE,30.0,-38.0,7.706,RIGHT_OVERWATCH_SURVEILLANCE,30.03
2026-07-21T23:08:05.932481+00:00,1,1,7,takeoff,-30.0,-38.0,5.529,LEFT_FLANK_SURVEILLANCE,0.0,-38.0,7.176,CENTER_ROAD_SURVEILLANCE,30.0,-38.0,8.824,RIGHT_OVERWATCH_SURVEILLANCE,30.05
2026-07-21T23:08:10.353656+00:00,1,1,8,takeoff,-30.0,-38.0,6.176,LEFT_FLANK_SURVEILLANCE,0.0,-38.0,8.059,CENTER_ROAD_SURVEILLANCE,30.0,-38.0,9.941,RIGHT_OVERWATCH_SURVEILLANCE,30.06
2026-07-21T23:08:12.049214+00:00,1,1,9,takeoff,-30.0,-38.0,6.824,LEFT_FLANK_SURVEILLANCE,0.0,-38.0,8.941,CENTER_ROAD_SURVEILLANCE,30.0,-38.0,11.059,RIGHT_OVERWATCH_SURVEILLANCE,30.07
2026-07-21T23:08:13.753648+00:00,1,1,10,takeoff,-30.0,-38.0,7.471,LEFT_FLANK_SURVEILLANCE,0.0,-38.0,9.824,CENTER_ROAD_SURVEILLANCE,30.0,-38.0,12.176,RIGHT_OVERWATCH_SURVEILLANCE,30.09
2026-07-21T23:08:15.506097+00:00,1,1,11,takeoff,-30.0,-38.0,8.118,LEFT_FLANK_SURVEILLANCE,0.0,-38.0,10.706,CENTER_ROAD_SURVEILLANCE,30.0,-38.0,13.294,RIGHT_OVERWATCH_SURVEILLANCE,30.11
2026-07-21T23:08:17.219563+00:00,1,1,12,takeoff,-30.0,-38.0,8.765,LEFT_FLANK_SURVEILLANCE,0.0,-38.0,11.588,CENTER_ROAD_SURVEILLANCE,30.0,-38.0,14.412,RIGHT_OVERWATCH_SURVEILLANCE,30.13
2026-07-21T23:08:18.924383+00:00,1,1,13,takeoff,-30.0,-38.0,9.412,LEFT_FLANK_SURVEILLANCE,0.0,-38.0,12.471,CENTER_ROAD_SURVEILLANCE,30.0,-38.0,15.529,RIGHT_OVERWATCH_SURVEILLANCE,30.16
2026-07-21T23:08:20.621448+00:00,1,1,14,takeoff,-30.0,-38.0,10.059,LEFT_FLANK_SURVEILLANCE,0.0,-38.0,13.353,CENTER_ROAD_SURVEILLANCE,30.0,-38.0,16.647,RIGHT_OVERWATCH_SURVEILLANCE,30.18
2026-07-21T23:08:22.349620+00:00,1,1,15,takeoff,-30.0,-38.0,10.706,LEFT_FLANK_SURVEILLANCE,0.0,-38.0,14.235,CENTER_ROAD_SURVEILLANCE,30.0,-38.0,17.765,RIGHT_OVERWATCH_SURVEILLANCE,30.21
2026-07-21T23:08:26.781637+00:00,1,1,16,takeoff,-30.0,-38.0,11.353,LEFT_FLANK_SURVEILLANCE,0.0,-38.0,15.118,CENTER_ROAD_SURVEILLANCE,30.0,-38.0,18.882,RIGHT_OVERWATCH_SURVEILLANCE,30.24
2026-07-21T23:08:28.502972+00:00,1,1,17,takeoff,-30.0,-38.0,12.0,LEFT_FLANK_SURVEILLANCE,0.0,-38.0,16.0,CENTER_ROAD_SURVEILLANCE,30.0,-38.0,20.0,RIGHT_OVERWATCH_SURVEILLANCE,30.27
2026-07-21T23:08:30.269706+00:00,1,2,0,surveillance_sweep,-30.0,-38.0,12.0,LEFT_FLANK_SURVEILLANCE,0.0,-38.0,16.0,CENTER_ROAD_SURVEILLANCE,30.0,-38.0,20.0,RIGHT_OVERWATCH_SURVEILLANCE,30.27
2026-07-21T23:08:32.137617+00:00,1,2,1,surveillance_sweep,-31.059,-37.235,12.0,LEFT_FLANK_SURVEILLANCE,-0.588,-37.059,16.0,CENTER_ROAD_SURVEILLANCE,30.353,-37.059,20.0,RIGHT_OVERWATCH_SURVEILLANCE,30.73
2026-07-21T23:08:33.929297+00:00,1,2,2,surveillance_sweep,-32.118,-36.471,12.0,LEFT_FLANK_SURVEILLANCE,-1.176,-36.118,16.0,CENTER_ROAD_SURVEILLANCE,30.706,-36.118,20.0,RIGHT_OVERWATCH_SURVEILLANCE,31.2
2026-07-21T23:08:35.807782+00:00,1,2,3,surveillance_sweep,-33.176,-35.706,12.0,LEFT_FLANK_SURVEILLANCE,-1.765,-35.176,16.0,CENTER_ROAD_SURVEILLANCE,31.059,-35.176,20.0,RIGHT_OVERWATCH_SURVEILLANCE,31.67
2026-07-21T23:08:37.403876+00:00,1,2,4,surveillance_sweep,-34.235,-34.941,12.0,LEFT_FLANK_SURVEILLANCE,-2.353,-34.235,16.0,CENTER_ROAD_SURVEILLANCE,31.412,-34.235,20.0,RIGHT_OVERWATCH_SURVEILLANCE,32.14
2026-07-21T23:08:39.021645+00:00,1,2,5,surveillance_sweep,-35.294,-34.176,12.0,LEFT_FLANK_SURVEILLANCE,-2.941,-33.294,16.0,CENTER_ROAD_SURVEILLANCE,31.765,-33.294,20.0,RIGHT_OVERWATCH_SURVEILLANCE,32.61
2026-07-21T23:08:40.658784+00:00,1,2,6,surveillance_sweep,-36.353,-33.412,12.0,LEFT_FLANK_SURVEILLANCE,-3.529,-32.353,16.0,CENTER_ROAD_SURVEILLANCE,32.118,-32.353,20.0,RIGHT_OVERWATCH_SURVEILLANCE,33.08
2026-07-21T23:08:42.524192+00:00,1,2,7,surveillance_sweep,-37.412,-32.647,12.0,LEFT_FLANK_SURVEILLANCE,-4.118,-31.412,16.0,CENTER_ROAD_SURVEILLANCE,32.471,-31.412,20.0,RIGHT_OVERWATCH_SURVEILLANCE,33.56
2026-07-21T23:08:44.529625+00:00,1,2,8,surveillance_sweep,-38.471,-31.882,12.0,LEFT_FLANK_SURVEILLANCE,-4.706,-30.471,16.0,CENTER_ROAD_SURVEILLANCE,32.824,-30.471,20.0,RIGHT_OVERWATCH_SURVEILLANCE,34.03
2026-07-21T23:08:46.281656+00:00,1,2,9,surveillance_sweep,-39.529,-31.118,12.0,LEFT_FLANK_SURVEILLANCE,-5.294,-29.529,16.0,CENTER_ROAD_SURVEILLANCE,33.176,-29.529,20.0,RIGHT_OVERWATCH_SURVEILLANCE,34.5
2026-07-21T23:08:48.050531+00:00,1,2,10,surveillance_sweep,-40.588,-30.353,12.0,LEFT_FLANK_SURVEILLANCE,-5.882,-28.588,16.0,CENTER_ROAD_SURVEILLANCE,33.529,-28.588,20.0,RIGHT_OVERWATCH_SURVEILLANCE,34.98
2026-07-21T23:08:49.997686+00:00,1,2,11,surveillance_sweep,-41.647,-29.588,12.0,LEFT_FLANK_SURVEILLANCE,-6.471,-27.647,16.0,CENTER_ROAD_SURVEILLANCE,33.882,-27.647,20.0,RIGHT_OVERWATCH_SURVEILLANCE,35.46
2026-07-21T23:08:51.851381+00:00,1,2,12,surveillance_sweep,-42.706,-28.824,12.0,LEFT_FLANK_SURVEILLANCE,-7.059,-26.706,16.0,CENTER_ROAD_SURVEILLANCE,34.235,-26.706,20.0,RIGHT_OVERWATCH_SURVEILLANCE,35.93
2026-07-21T23:08:53.784556+00:00,1,2,13,surveillance_sweep,-43.765,-28.059,12.0,LEFT_FLANK_SURVEILLANCE,-7.647,-25.765,16.0,CENTER_ROAD_SURVEILLANCE,34.588,-25.765,20.0,RIGHT_OVERWATCH_SURVEILLANCE,36.41
2026-07-21T23:08:55.793789+00:00,1,2,14,surveillance_sweep,-44.824,-27.294,12.0,LEFT_FLANK_SURVEILLANCE,-8.235,-24.824,16.0,CENTER_ROAD_SURVEILLANCE,34.941,-24.824,20.0,RIGHT_OVERWATCH_SURVEILLANCE,36.89
2026-07-21T23:08:57.604578+00:00,1,2,15,surveillance_sweep,-45.882,-26.529,12.0,LEFT_FLANK_SURVEILLANCE,-8.824,-23.882,16.0,CENTER_ROAD_SURVEILLANCE,35.294,-23.882,20.0,RIGHT_OVERWATCH_SURVEILLANCE,37.37
2026-07-21T23:08:59.550135+00:00,1,2,16,surveillance_sweep,-46.941,-25.765,12.0,LEFT_FLANK_SURVEILLANCE,-9.412,-22.941,16.0,CENTER_ROAD_SURVEILLANCE,35.647,-22.941,20.0,RIGHT_OVERWATCH_SURVEILLANCE,37.85
2026-07-21T23:09:01.569608+00:00,1,2,17,surveillance_sweep,-48.0,-25.0,12.0,LEFT_FLANK_SURVEILLANCE,-10.0,-22.0,16.0,CENTER_ROAD_SURVEILLANCE,36.0,-22.0,20.0,RIGHT_OVERWATCH_SURVEILLANCE,38.33
2026-07-21T23:09:03.556669+00:00,1,3,0,surveillance_sweep,-48.0,-25.0,12.0,LEFT_FLANK_SURVEILLANCE,-10.0,-22.0,16.0,CENTER_ROAD_SURVEILLANCE,36.0,-22.0,20.0,RIGHT_OVERWATCH_SURVEILLANCE,38.33
2026-07-21T23:09:05.408737+00:00,1,3,1,surveillance_sweep,-48.0,-23.529,12.0,LEFT_FLANK_SURVEILLANCE,-10.0,-20.235,16.0,CENTER_ROAD_SURVEILLANCE,36.0,-20.235,20.0,RIGHT_OVERWATCH_SURVEILLANCE,38.35
2026-07-21T23:09:07.145598+00:00,1,3,2,surveillance_sweep,-48.0,-22.059,12.0,LEFT_FLANK_SURVEILLANCE,-10.0,-18.471,16.0,CENTER_ROAD_SURVEILLANCE,36.0,-18.471,20.0,RIGHT_OVERWATCH_SURVEILLANCE,38.38
2026-07-21T23:09:08.871688+00:00,1,3,3,surveillance_sweep,-48.0,-20.588,12.0,LEFT_FLANK_SURVEILLANCE,-10.0,-16.706,16.0,CENTER_ROAD_SURVEILLANCE,36.0,-16.706,20.0,RIGHT_OVERWATCH_SURVEILLANCE,38.41
2026-07-21T23:09:10.632980+00:00,1,3,4,surveillance_sweep,-48.0,-19.118,12.0,LEFT_FLANK_SURVEILLANCE,-10.0,-14.941,16.0,CENTER_ROAD_SURVEILLANCE,36.0,-14.941,20.0,RIGHT_OVERWATCH_SURVEILLANCE,38.44
2026-07-21T23:09:12.429092+00:00,1,3,5,surveillance_sweep,-48.0,-17.647,12.0,LEFT_FLANK_SURVEILLANCE,-10.0,-13.176,16.0,CENTER_ROAD_SURVEILLANCE,36.0,-13.176,20.0,RIGHT_OVERWATCH_SURVEILLANCE,38.47
2026-07-21T23:09:14.097490+00:00,1,3,6,surveillance_sweep,-48.0,-16.176,12.0,LEFT_FLANK_SURVEILLANCE,-10.0,-11.412,16.0,CENTER_ROAD_SURVEILLANCE,36.0,-11.412,20.0,RIGHT_OVERWATCH_SURVEILLANCE,38.51
2026-07-21T23:09:15.635038+00:00,1,3,7,surveillance_sweep,-48.0,-14.706,12.0,LEFT_FLANK_SURVEILLANCE,-10.0,-9.647,16.0,CENTER_ROAD_SURVEILLANCE,36.0,-9.647,20.0,RIGHT_OVERWATCH_SURVEILLANCE,38.54
2026-07-21T23:09:17.373324+00:00,1,3,8,surveillance_sweep,-48.0,-13.235,12.0,LEFT_FLANK_SURVEILLANCE,-10.0,-7.882,16.0,CENTER_ROAD_SURVEILLANCE,36.0,-7.882,20.0,RIGHT_OVERWATCH_SURVEILLANCE,38.58
2026-07-21T23:09:19.038639+00:00,1,3,9,surveillance_sweep,-48.0,-11.765,12.0,LEFT_FLANK_SURVEILLANCE,-10.0,-6.118,16.0,CENTER_ROAD_SURVEILLANCE,36.0,-6.118,20.0,RIGHT_OVERWATCH_SURVEILLANCE,38.62
2026-07-21T23:09:20.830086+00:00,1,3,10,surveillance_sweep,-48.0,-10.294,12.0,LEFT_FLANK_SURVEILLANCE,-10.0,-4.353,16.0,CENTER_ROAD_SURVEILLANCE,36.0,-4.353,20.0,RIGHT_OVERWATCH_SURVEILLANCE,38.67
2026-07-21T23:09:25.281111+00:00,1,3,11,surveillance_sweep,-48.0,-8.824,12.0,LEFT_FLANK_SURVEILLANCE,-10.0,-2.588,16.0,CENTER_ROAD_SURVEILLANCE,36.0,-2.588,20.0,RIGHT_OVERWATCH_SURVEILLANCE,38.72
2026-07-21T23:09:29.811960+00:00,1,3,12,surveillance_sweep,-48.0,-7.353,12.0,LEFT_FLANK_SURVEILLANCE,-10.0,-0.824,16.0,CENTER_ROAD_SURVEILLANCE,36.0,-0.824,20.0,RIGHT_OVERWATCH_SURVEILLANCE,38.76
2026-07-21T23:09:31.599856+00:00,1,3,13,surveillance_sweep,-48.0,-5.882,12.0,LEFT_FLANK_SURVEILLANCE,-10.0,0.941,16.0,CENTER_ROAD_SURVEILLANCE,36.0,0.941,20.0,RIGHT_OVERWATCH_SURVEILLANCE,38.81
2026-07-21T23:09:33.214091+00:00,1,3,14,surveillance_sweep,-48.0,-4.412,12.0,LEFT_FLANK_SURVEILLANCE,-10.0,2.706,16.0,CENTER_ROAD_SURVEILLANCE,36.0,2.706,20.0,RIGHT_OVERWATCH_SURVEILLANCE,38.87
2026-07-21T23:09:34.896388+00:00,1,3,15,surveillance_sweep,-48.0,-2.941,12.0,LEFT_FLANK_SURVEILLANCE,-10.0,4.471,16.0,CENTER_ROAD_SURVEILLANCE,36.0,4.471,20.0,RIGHT_OVERWATCH_SURVEILLANCE,38.92
2026-07-21T23:09:36.601477+00:00,1,3,16,surveillance_sweep,-48.0,-1.471,12.0,LEFT_FLANK_SURVEILLANCE,-10.0,6.235,16.0,CENTER_ROAD_SURVEILLANCE,36.0,6.235,20.0,RIGHT_OVERWATCH_SURVEILLANCE,38.98
2026-07-21T23:09:38.257143+00:00,1,3,17,surveillance_sweep,-48.0,0.0,12.0,LEFT_FLANK_SURVEILLANCE,-10.0,8.0,16.0,CENTER_ROAD_SURVEILLANCE,36.0,8.0,20.0,RIGHT_OVERWATCH_SURVEILLANCE,39.04
2026-07-21T23:09:40.021691+00:00,1,4,0,surveillance_sweep,-48.0,0.0,12.0,LEFT_FLANK_SURVEILLANCE,-10.0,8.0,16.0,CENTER_ROAD_SURVEILLANCE,36.0,8.0,20.0,RIGHT_OVERWATCH_SURVEILLANCE,39.04
2026-07-21T23:09:41.794786+00:00,1,4,1,surveillance_sweep,-46.824,0.0,12.0,LEFT_FLANK_SURVEILLANCE,-8.588,8.0,16.0,CENTER_ROAD_SURVEILLANCE,37.294,8.0,20.0,RIGHT_OVERWATCH_SURVEILLANCE,39.27
2026-07-21T23:09:43.621002+00:00,1,4,2,surveillance_sweep,-45.647,0.0,12.0,LEFT_FLANK_SURVEILLANCE,-7.176,8.0,16.0,CENTER_ROAD_SURVEILLANCE,38.588,8.0,20.0,RIGHT_OVERWATCH_SURVEILLANCE,39.5
2026-07-21T23:09:48.006091+00:00,1,4,3,surveillance_sweep,-44.471,0.0,12.0,LEFT_FLANK_SURVEILLANCE,-5.765,8.0,16.0,CENTER_ROAD_SURVEILLANCE,39.882,8.0,20.0,RIGHT_OVERWATCH_SURVEILLANCE,39.73
2026-07-21T23:09:49.692733+00:00,1,4,4,surveillance_sweep,-43.294,0.0,12.0,LEFT_FLANK_SURVEILLANCE,-4.353,8.0,16.0,CENTER_ROAD_SURVEILLANCE,41.176,8.0,20.0,RIGHT_OVERWATCH_SURVEILLANCE,39.95
2026-07-21T23:09:51.291856+00:00,1,4,5,surveillance_sweep,-42.118,0.0,12.0,LEFT_FLANK_SURVEILLANCE,-2.941,8.0,16.0,CENTER_ROAD_SURVEILLANCE,42.471,8.0,20.0,RIGHT_OVERWATCH_SURVEILLANCE,40.19
2026-07-21T23:09:53.044846+00:00,1,4,6,surveillance_sweep,-40.941,0.0,12.0,LEFT_FLANK_SURVEILLANCE,-1.529,8.0,16.0,CENTER_ROAD_SURVEILLANCE,43.765,8.0,20.0,RIGHT_OVERWATCH_SURVEILLANCE,40.41
2026-07-21T23:09:54.718765+00:00,1,4,7,surveillance_sweep,-39.765,0.0,12.0,LEFT_FLANK_SURVEILLANCE,-0.118,8.0,16.0,CENTER_ROAD_SURVEILLANCE,45.059,8.0,20.0,RIGHT_OVERWATCH_SURVEILLANCE,40.64
2026-07-21T23:09:56.479253+00:00,1,4,8,surveillance_sweep,-38.588,0.0,12.0,LEFT_FLANK_SURVEILLANCE,1.294,8.0,16.0,CENTER_ROAD_SURVEILLANCE,46.353,8.0,20.0,RIGHT_OVERWATCH_SURVEILLANCE,40.87
2026-07-21T23:10:01.100927+00:00,1,4,9,surveillance_sweep,-37.412,0.0,12.0,LEFT_FLANK_SURVEILLANCE,2.706,8.0,16.0,CENTER_ROAD_SURVEILLANCE,47.647,8.0,20.0,RIGHT_OVERWATCH_SURVEILLANCE,41.1
2026-07-21T23:10:02.882113+00:00,1,4,10,surveillance_sweep,-36.235,0.0,12.0,LEFT_FLANK_SURVEILLANCE,4.118,8.0,16.0,CENTER_ROAD_SURVEILLANCE,48.941,8.0,20.0,RIGHT_OVERWATCH_SURVEILLANCE,41.33
2026-07-21T23:10:04.647168+00:00,1,4,11,surveillance_sweep,-35.059,0.0,12.0,LEFT_FLANK_SURVEILLANCE,5.529,8.0,16.0,CENTER_ROAD_SURVEILLANCE,50.235,8.0,20.0,RIGHT_OVERWATCH_SURVEILLANCE,41.56
2026-07-21T23:10:06.492090+00:00,1,4,12,surveillance_sweep,-33.882,0.0,12.0,LEFT_FLANK_SURVEILLANCE,6.941,8.0,16.0,CENTER_ROAD_SURVEILLANCE,51.529,8.0,20.0,RIGHT_OVERWATCH_SURVEILLANCE,41.79
2026-07-21T23:10:08.044897+00:00,1,4,13,surveillance_sweep,-32.706,0.0,12.0,LEFT_FLANK_SURVEILLANCE,8.353,8.0,16.0,CENTER_ROAD_SURVEILLANCE,52.824,8.0,20.0,RIGHT_OVERWATCH_SURVEILLANCE,42.02
2026-07-21T23:10:12.501257+00:00,1,4,14,surveillance_sweep,-31.529,0.0,12.0,LEFT_FLANK_SURVEILLANCE,9.765,8.0,16.0,CENTER_ROAD_SURVEILLANCE,54.118,8.0,20.0,RIGHT_OVERWATCH_SURVEILLANCE,42.25
2026-07-21T23:10:14.192785+00:00,1,4,15,surveillance_sweep,-30.353,0.0,12.0,LEFT_FLANK_SURVEILLANCE,11.176,8.0,16.0,CENTER_ROAD_SURVEILLANCE,55.412,8.0,20.0,RIGHT_OVERWATCH_SURVEILLANCE,42.48
2026-07-21T23:10:15.886057+00:00,1,4,16,surveillance_sweep,-29.176,0.0,12.0,LEFT_FLANK_SURVEILLANCE,12.588,8.0,16.0,CENTER_ROAD_SURVEILLANCE,56.706,8.0,20.0,RIGHT_OVERWATCH_SURVEILLANCE,42.71
2026-07-21T23:10:17.676988+00:00,1,4,17,surveillance_sweep,-28.0,0.0,12.0,LEFT_FLANK_SURVEILLANCE,14.0,8.0,16.0,CENTER_ROAD_SURVEILLANCE,58.0,8.0,20.0,RIGHT_OVERWATCH_SURVEILLANCE,42.94
2026-07-21T23:10:19.389677+00:00,1,5,0,surveillance_sweep,-28.0,0.0,12.0,LEFT_FLANK_SURVEILLANCE,14.0,8.0,16.0,CENTER_ROAD_SURVEILLANCE,58.0,8.0,20.0,RIGHT_OVERWATCH_SURVEILLANCE,42.94
2026-07-21T23:10:21.175668+00:00,1,5,1,surveillance_sweep,-28.0,-1.471,12.0,LEFT_FLANK_SURVEILLANCE,14.0,6.235,16.0,CENTER_ROAD_SURVEILLANCE,58.0,6.235,20.0,RIGHT_OVERWATCH_SURVEILLANCE,42.89
2026-07-21T23:10:25.762865+00:00,1,5,2,surveillance_sweep,-28.0,-2.941,12.0,LEFT_FLANK_SURVEILLANCE,14.0,4.471,16.0,CENTER_ROAD_SURVEILLANCE,58.0,4.471,20.0,RIGHT_OVERWATCH_SURVEILLANCE,42.84
2026-07-21T23:10:30.239787+00:00,1,5,3,surveillance_sweep,-28.0,-4.412,12.0,LEFT_FLANK_SURVEILLANCE,14.0,2.706,16.0,CENTER_ROAD_SURVEILLANCE,58.0,2.706,20.0,RIGHT_OVERWATCH_SURVEILLANCE,42.79
2026-07-21T23:10:31.904689+00:00,1,5,4,surveillance_sweep,-28.0,-5.882,12.0,LEFT_FLANK_SURVEILLANCE,14.0,0.941,16.0,CENTER_ROAD_SURVEILLANCE,58.0,0.941,20.0,RIGHT_OVERWATCH_SURVEILLANCE,42.74
2026-07-21T23:10:36.571391+00:00,1,5,5,surveillance_sweep,-28.0,-7.353,12.0,LEFT_FLANK_SURVEILLANCE,14.0,-0.824,16.0,CENTER_ROAD_SURVEILLANCE,58.0,-0.824,20.0,RIGHT_OVERWATCH_SURVEILLANCE,42.69
2026-07-21T23:10:40.963309+00:00,1,5,6,surveillance_sweep,-28.0,-8.824,12.0,LEFT_FLANK_SURVEILLANCE,14.0,-2.588,16.0,CENTER_ROAD_SURVEILLANCE,58.0,-2.588,20.0,RIGHT_OVERWATCH_SURVEILLANCE,42.65
2026-07-21T23:10:42.717602+00:00,1,5,7,surveillance_sweep,-28.0,-10.294,12.0,LEFT_FLANK_SURVEILLANCE,14.0,-4.353,16.0,CENTER_ROAD_SURVEILLANCE,58.0,-4.353,20.0,RIGHT_OVERWATCH_SURVEILLANCE,42.61
2026-07-21T23:10:44.473622+00:00,1,5,8,surveillance_sweep,-28.0,-11.765,12.0,LEFT_FLANK_SURVEILLANCE,14.0,-6.118,16.0,CENTER_ROAD_SURVEILLANCE,58.0,-6.118,20.0,RIGHT_OVERWATCH_SURVEILLANCE,42.57
2026-07-21T23:10:46.162095+00:00,1,5,9,surveillance_sweep,-28.0,-13.235,12.0,LEFT_FLANK_SURVEILLANCE,14.0,-7.882,16.0,CENTER_ROAD_SURVEILLANCE,58.0,-7.882,20.0,RIGHT_OVERWATCH_SURVEILLANCE,42.53
2026-07-21T23:10:50.656615+00:00,1,5,10,surveillance_sweep,-28.0,-14.706,12.0,LEFT_FLANK_SURVEILLANCE,14.0,-9.647,16.0,CENTER_ROAD_SURVEILLANCE,58.0,-9.647,20.0,RIGHT_OVERWATCH_SURVEILLANCE,42.49
2026-07-21T23:10:52.314583+00:00,1,5,11,surveillance_sweep,-28.0,-16.176,12.0,LEFT_FLANK_SURVEILLANCE,14.0,-11.412,16.0,CENTER_ROAD_SURVEILLANCE,58.0,-11.412,20.0,RIGHT_OVERWATCH_SURVEILLANCE,42.46
2026-07-21T23:10:54.020391+00:00,1,5,12,surveillance_sweep,-28.0,-17.647,12.0,LEFT_FLANK_SURVEILLANCE,14.0,-13.176,16.0,CENTER_ROAD_SURVEILLANCE,58.0,-13.176,20.0,RIGHT_OVERWATCH_SURVEILLANCE,42.43
2026-07-21T23:10:55.578302+00:00,1,5,13,surveillance_sweep,-28.0,-19.118,12.0,LEFT_FLANK_SURVEILLANCE,14.0,-14.941,16.0,CENTER_ROAD_SURVEILLANCE,58.0,-14.941,20.0,RIGHT_OVERWATCH_SURVEILLANCE,42.4
2026-07-21T23:10:57.308906+00:00,1,5,14,surveillance_sweep,-28.0,-20.588,12.0,LEFT_FLANK_SURVEILLANCE,14.0,-16.706,16.0,CENTER_ROAD_SURVEILLANCE,58.0,-16.706,20.0,RIGHT_OVERWATCH_SURVEILLANCE,42.37
2026-07-21T23:11:01.749622+00:00,1,5,15,surveillance_sweep,-28.0,-22.059,12.0,LEFT_FLANK_SURVEILLANCE,14.0,-18.471,16.0,CENTER_ROAD_SURVEILLANCE,58.0,-18.471,20.0,RIGHT_OVERWATCH_SURVEILLANCE,42.34
2026-07-21T23:11:03.625594+00:00,1,5,16,surveillance_sweep,-28.0,-23.529,12.0,LEFT_FLANK_SURVEILLANCE,14.0,-20.235,16.0,CENTER_ROAD_SURVEILLANCE,58.0,-20.235,20.0,RIGHT_OVERWATCH_SURVEILLANCE,42.32
2026-07-21T23:11:08.182361+00:00,1,5,17,surveillance_sweep,-28.0,-25.0,12.0,LEFT_FLANK_SURVEILLANCE,14.0,-22.0,16.0,CENTER_ROAD_SURVEILLANCE,58.0,-22.0,20.0,RIGHT_OVERWATCH_SURVEILLANCE,42.3
2026-07-21T23:11:09.917689+00:00,1,6,0,surveillance_sweep,-28.0,-25.0,12.0,LEFT_FLANK_SURVEILLANCE,14.0,-22.0,16.0,CENTER_ROAD_SURVEILLANCE,58.0,-22.0,20.0,RIGHT_OVERWATCH_SURVEILLANCE,42.3
2026-07-21T23:11:11.772667+00:00,1,6,1,surveillance_sweep,-28.118,-25.765,12.0,LEFT_FLANK_SURVEILLANCE,13.176,-22.941,16.0,CENTER_ROAD_SURVEILLANCE,56.353,-22.941,20.0,RIGHT_OVERWATCH_SURVEILLANCE,41.58
2026-07-21T23:11:13.551078+00:00,1,6,2,surveillance_sweep,-28.235,-26.529,12.0,LEFT_FLANK_SURVEILLANCE,12.353,-23.882,16.0,CENTER_ROAD_SURVEILLANCE,54.706,-23.882,20.0,RIGHT_OVERWATCH_SURVEILLANCE,40.87
2026-07-21T23:11:15.397609+00:00,1,6,3,surveillance_sweep,-28.353,-27.294,12.0,LEFT_FLANK_SURVEILLANCE,11.529,-24.824,16.0,CENTER_ROAD_SURVEILLANCE,53.059,-24.824,20.0,RIGHT_OVERWATCH_SURVEILLANCE,40.16
2026-07-21T23:11:17.207994+00:00,1,6,4,surveillance_sweep,-28.471,-28.059,12.0,LEFT_FLANK_SURVEILLANCE,10.706,-25.765,16.0,CENTER_ROAD_SURVEILLANCE,51.412,-25.765,20.0,RIGHT_OVERWATCH_SURVEILLANCE,39.45
2026-07-21T23:11:18.834083+00:00,1,6,5,surveillance_sweep,-28.588,-28.824,12.0,LEFT_FLANK_SURVEILLANCE,9.882,-26.706,16.0,CENTER_ROAD_SURVEILLANCE,49.765,-26.706,20.0,RIGHT_OVERWATCH_SURVEILLANCE,38.74
2026-07-21T23:11:20.496969+00:00,1,6,6,surveillance_sweep,-28.706,-29.588,12.0,LEFT_FLANK_SURVEILLANCE,9.059,-27.647,16.0,CENTER_ROAD_SURVEILLANCE,48.118,-27.647,20.0,RIGHT_OVERWATCH_SURVEILLANCE,38.03
2026-07-21T23:11:22.265595+00:00,1,6,7,surveillance_sweep,-28.824,-30.353,12.0,LEFT_FLANK_SURVEILLANCE,8.235,-28.588,16.0,CENTER_ROAD_SURVEILLANCE,46.471,-28.588,20.0,RIGHT_OVERWATCH_SURVEILLANCE,37.32
2026-07-21T23:11:23.929612+00:00,1,6,8,surveillance_sweep,-28.941,-31.118,12.0,LEFT_FLANK_SURVEILLANCE,7.412,-29.529,16.0,CENTER_ROAD_SURVEILLANCE,44.824,-29.529,20.0,RIGHT_OVERWATCH_SURVEILLANCE,36.61
2026-07-21T23:11:28.410963+00:00,1,6,9,surveillance_sweep,-29.059,-31.882,12.0,LEFT_FLANK_SURVEILLANCE,6.588,-30.471,16.0,CENTER_ROAD_SURVEILLANCE,43.176,-30.471,20.0,RIGHT_OVERWATCH_SURVEILLANCE,35.9
2026-07-21T23:11:32.940664+00:00,1,6,10,surveillance_sweep,-29.176,-32.647,12.0,LEFT_FLANK_SURVEILLANCE,5.765,-31.412,16.0,CENTER_ROAD_SURVEILLANCE,41.529,-31.412,20.0,RIGHT_OVERWATCH_SURVEILLANCE,35.19
2026-07-21T23:11:34.711892+00:00,1,6,11,surveillance_sweep,-29.294,-33.412,12.0,LEFT_FLANK_SURVEILLANCE,4.941,-32.353,16.0,CENTER_ROAD_SURVEILLANCE,39.882,-32.353,20.0,RIGHT_OVERWATCH_SURVEILLANCE,34.48
2026-07-21T23:11:36.470505+00:00,1,6,12,surveillance_sweep,-29.412,-34.176,12.0,LEFT_FLANK_SURVEILLANCE,4.118,-33.294,16.0,CENTER_ROAD_SURVEILLANCE,38.235,-33.294,20.0,RIGHT_OVERWATCH_SURVEILLANCE,33.78
2026-07-21T23:11:38.129612+00:00,1,6,13,surveillance_sweep,-29.529,-34.941,12.0,LEFT_FLANK_SURVEILLANCE,3.294,-34.235,16.0,CENTER_ROAD_SURVEILLANCE,36.588,-34.235,20.0,RIGHT_OVERWATCH_SURVEILLANCE,33.07
2026-07-21T23:11:39.878180+00:00,1,6,14,surveillance_sweep,-29.647,-35.706,12.0,LEFT_FLANK_SURVEILLANCE,2.471,-35.176,16.0,CENTER_ROAD_SURVEILLANCE,34.941,-35.176,20.0,RIGHT_OVERWATCH_SURVEILLANCE,32.37
2026-07-21T23:11:41.641600+00:00,1,6,15,surveillance_sweep,-29.765,-36.471,12.0,LEFT_FLANK_SURVEILLANCE,1.647,-36.118,16.0,CENTER_ROAD_SURVEILLANCE,33.294,-36.118,20.0,RIGHT_OVERWATCH_SURVEILLANCE,31.67
2026-07-21T23:11:43.447342+00:00,1,6,16,surveillance_sweep,-29.882,-37.235,12.0,LEFT_FLANK_SURVEILLANCE,0.824,-37.059,16.0,CENTER_ROAD_SURVEILLANCE,31.647,-37.059,20.0,RIGHT_OVERWATCH_SURVEILLANCE,30.97
2026-07-21T23:11:47.985626+00:00,1,6,17,surveillance_sweep,-30.0,-38.0,12.0,LEFT_FLANK_SURVEILLANCE,0.0,-38.0,16.0,CENTER_ROAD_SURVEILLANCE,30.0,-38.0,20.0,RIGHT_OVERWATCH_SURVEILLANCE,30.27
2026-07-21T23:11:49.617312+00:00,1,7,0,landing,-30.0,-38.0,12.0,LEFT_FLANK_SURVEILLANCE,0.0,-38.0,16.0,CENTER_ROAD_SURVEILLANCE,30.0,-38.0,20.0,RIGHT_OVERWATCH_SURVEILLANCE,30.27
2026-07-21T23:11:51.457540+00:00,1,7,1,landing,-30.0,-38.0,11.353,LEFT_FLANK_SURVEILLANCE,0.0,-38.0,15.118,CENTER_ROAD_SURVEILLANCE,30.0,-38.0,18.882,RIGHT_OVERWATCH_SURVEILLANCE,30.24
2026-07-21T23:11:53.136554+00:00,1,7,2,landing,-30.0,-38.0,10.706,LEFT_FLANK_SURVEILLANCE,0.0,-38.0,14.235,CENTER_ROAD_SURVEILLANCE,30.0,-38.0,17.765,RIGHT_OVERWATCH_SURVEILLANCE,30.21
2026-07-21T23:11:54.868888+00:00,1,7,3,landing,-30.0,-38.0,10.059,LEFT_FLANK_SURVEILLANCE,0.0,-38.0,13.353,CENTER_ROAD_SURVEILLANCE,30.0,-38.0,16.647,RIGHT_OVERWATCH_SURVEILLANCE,30.18
2026-07-21T23:11:56.854492+00:00,1,7,4,landing,-30.0,-38.0,9.412,LEFT_FLANK_SURVEILLANCE,0.0,-38.0,12.471,CENTER_ROAD_SURVEILLANCE,30.0,-38.0,15.529,RIGHT_OVERWATCH_SURVEILLANCE,30.16
2026-07-21T23:12:01.296649+00:00,1,7,5,landing,-30.0,-38.0,8.765,LEFT_FLANK_SURVEILLANCE,0.0,-38.0,11.588,CENTER_ROAD_SURVEILLANCE,30.0,-38.0,14.412,RIGHT_OVERWATCH_SURVEILLANCE,30.13
2026-07-21T23:12:05.872162+00:00,1,7,6,landing,-30.0,-38.0,8.118,LEFT_FLANK_SURVEILLANCE,0.0,-38.0,10.706,CENTER_ROAD_SURVEILLANCE,30.0,-38.0,13.294,RIGHT_OVERWATCH_SURVEILLANCE,30.11
2026-07-21T23:12:07.612062+00:00,1,7,7,landing,-30.0,-38.0,7.471,LEFT_FLANK_SURVEILLANCE,0.0,-38.0,9.824,CENTER_ROAD_SURVEILLANCE,30.0,-38.0,12.176,RIGHT_OVERWATCH_SURVEILLANCE,30.09
2026-07-21T23:12:09.325598+00:00,1,7,8,landing,-30.0,-38.0,6.824,LEFT_FLANK_SURVEILLANCE,0.0,-38.0,8.941,CENTER_ROAD_SURVEILLANCE,30.0,-38.0,11.059,RIGHT_OVERWATCH_SURVEILLANCE,30.07
2026-07-21T23:12:11.054587+00:00,1,7,9,landing,-30.0,-38.0,6.176,LEFT_FLANK_SURVEILLANCE,0.0,-38.0,8.059,CENTER_ROAD_SURVEILLANCE,30.0,-38.0,9.941,RIGHT_OVERWATCH_SURVEILLANCE,30.06
2026-07-21T23:12:15.584157+00:00,1,7,10,landing,-30.0,-38.0,5.529,LEFT_FLANK_SURVEILLANCE,0.0,-38.0,7.176,CENTER_ROAD_SURVEILLANCE,30.0,-38.0,8.824,RIGHT_OVERWATCH_SURVEILLANCE,30.05
2026-07-21T23:12:17.311127+00:00,1,7,11,landing,-30.0,-38.0,4.882,LEFT_FLANK_SURVEILLANCE,0.0,-38.0,6.294,CENTER_ROAD_SURVEILLANCE,30.0,-38.0,7.706,RIGHT_OVERWATCH_SURVEILLANCE,30.03
2026-07-21T23:12:19.065421+00:00,1,7,12,landing,-30.0,-38.0,4.235,LEFT_FLANK_SURVEILLANCE,0.0,-38.0,5.412,CENTER_ROAD_SURVEILLANCE,30.0,-38.0,6.588,RIGHT_OVERWATCH_SURVEILLANCE,30.02
2026-07-21T23:12:20.697617+00:00,1,7,13,landing,-30.0,-38.0,3.588,LEFT_FLANK_SURVEILLANCE,0.0,-38.0,4.529,CENTER_ROAD_SURVEILLANCE,30.0,-38.0,5.471,RIGHT_OVERWATCH_SURVEILLANCE,30.01
2026-07-21T23:12:22.401630+00:00,1,7,14,landing,-30.0,-38.0,2.941,LEFT_FLANK_SURVEILLANCE,0.0,-38.0,3.647,CENTER_ROAD_SURVEILLANCE,30.0,-38.0,4.353,RIGHT_OVERWATCH_SURVEILLANCE,30.01
2026-07-21T23:12:24.064440+00:00,1,7,15,landing,-30.0,-38.0,2.294,LEFT_FLANK_SURVEILLANCE,0.0,-38.0,2.765,CENTER_ROAD_SURVEILLANCE,30.0,-38.0,3.235,RIGHT_OVERWATCH_SURVEILLANCE,30.0
2026-07-21T23:12:25.753676+00:00,1,7,16,landing,-30.0,-38.0,1.647,LEFT_FLANK_SURVEILLANCE,0.0,-38.0,1.882,CENTER_ROAD_SURVEILLANCE,30.0,-38.0,2.118,RIGHT_OVERWATCH_SURVEILLANCE,30.0
2026-07-21T23:12:27.437029+00:00,1,7,17,landing,-30.0,-38.0,1.0,LEFT_FLANK_SURVEILLANCE,0.0,-38.0,1.0,CENTER_ROAD_SURVEILLANCE,30.0,-38.0,1.0,RIGHT_OVERWATCH_SURVEILLANCE,30.0
